{"stats":{"minecraft:custom":{"minecraft:interact_with_crafting_table":57,"minecraft:open_barrel":117,"minecraft:leave_game":47,"minecraft:time_since_death":205280,"minecraft:damage_blocked_by_shield":3185,"minecraft:play_time":655380,"minecraft:deaths":11,"minecraft:jump":5017,"minecraft:interact_with_furnace":37,"minecraft:interact_with_cartography_table":1,"minecraft:sleep_in_bed":2,"tombstone:sneak_grave":1,"minecraft:damage_dealt":92047,"tombstone:undead_killed":51,"minecraft:inspect_dispenser":4,"minecraft:horse_one_cm":1395,"minecraft:sneak_time":20911,"minecraft:interact_with_lectern":1,"minecraft:interact_with_blast_furnace":1,"minecraft:total_world_time":655380,"tombstone:raider_killed":7,"minecraft:time_since_rest":204810,"tombstone:cast_on_ally":0,"minecraft:swim_one_cm":117250,"minecraft:fly_one_cm":3380525,"minecraft:open_chest":198,"minecraft:fall_one_cm":15179211,"minecraft:open_shulker_box":2,"minecraft:damage_resisted":558,"minecraft:sprint_one_cm":2221319,"minecraft:drop":243,"minecraft:interact_with_brewingstand":2,"minecraft:walk_on_water_one_cm":111304,"minecraft:crouch_one_cm":90381,"minecraft:mob_kills":399,"minecraft:damage_dealt_resisted":3911,"minecraft:climb_one_cm":11704,"minecraft:walk_one_cm":1445202,"minecraft:walk_under_water_one_cm":46893,"minecraft:pot_flower":1,"minecraft:damage_taken":20264,"minecraft:damage_absorbed":3189,"minecraft:trigger_trapped_chest":2},"minecraft:killed":{"minecraft:cave_spider":5,"born_in_chaos_v1:zombie_lumberjack":1,"born_in_chaos_v1:restless_spirit":2,"born_in_chaos_v1:door_knight_not_despawn":2,"alexsmobs:enderiophage":2,"mofus_better_end_:endermite_guardian":1,"born_in_chaos_v1:baby_skeleton_minion":4,"minecraft:shulker":5,"minecraft:skeleton":8,"bosses_of_mass_destruction:obsidilith":1,"minecraft:chicken":3,"born_in_chaos_v1:supreme_bonescaller_stage_2":1,"irons_spellbooks:archevoker":1,"born_in_chaos_v1:bone_imp":1,"minecraft:ender_dragon":1,"minecraft:pillager":6,"mofus_better_end_:zombified_enderman":5,"minecraft:zombie":8,"born_in_chaos_v1:corpse_fly":6,"born_in_chaos_v1:door_knight":1,"minecraft:cow":11,"alexsmobs:raccoon":1,"minecraft:endermite":1,"minecraft:vindicator":1,"mofus_better_end_:greater_endermitee":35,"born_in_chaos_v1:skeleton_thrasher_not_despawn":1,"born_in_chaos_v1:thornshell_crab":2,"born_in_chaos_v1:firelight":1,"born_in_chaos_v1:dire_hound_leader":1,"legendary_monsters:chorusling":2,"iceandfire:siren":2,"minecraft:warden":3,"terramity:echo_bug":4,"mofus_better_end_:small_end_guardian":1,"terramity:megabite":1,"born_in_chaos_v1:bone_imp_minion":4,"legendary_monsters:ambusher":1,"mofus_better_end_:eye_guardian_seeker":27,"born_in_chaos_v1:decrepit_skeleton":7,"terramity:green_fairy":1,"born_in_chaos_v1:dark_vortex":2,"minecraft:enderman":4,"born_in_chaos_v1:zombie_clown":1,"mofus_better_end_:eye_guardian_ground_seeker":43,"mofus_better_end_:eye_guardian_crawler":8,"minecraft:spider":7,"faded_conquest_2:demon":2,"minecraft:silverfish":2,"faded_conquest_2:mimic":5,"born_in_chaos_v1:firelight_not_despawn":7,"artifacts:mimic":2,"minecraft:piglin":1,"minecraft:pig":7,"legendary_monsters:lava_eater":1,"minecraft:creeper":1,"minecraft:sheep":9,"born_in_chaos_v1:zombie_fisherman":1,"born_in_chaos_v1:dread_hound":8,"minecraft:stray":2,"iceandfire:pixie":17,"minecraft:blaze":34,"terramity:pink_fairy":1,"irons_spellbooks:summoned_zombie":1,"terramity:conjurling":1,"born_in_chaos_v1:maggot":7,"legendary_monsters:shulker_mimic":1,"alexsmobs:blue_jay":1,"mofus_better_end_:end_manta":3,"mofus_better_end_:eye_guardian":1,"born_in_chaos_v1:decaying_zombie":1,"legendary_monsters:spiky_bug":16,"born_in_chaos_v1:bonescaller_not_despawn":2,"tombstone:spectral_wolf":1,"minecraft:wither_skeleton":3,"born_in_chaos_v1:decaying_zombie_not_despawn":1},"minecraft:used":{"irons_spellbooks:inscription_table":1,"minecraft:moss_block":2,"celestisynth:poltergeist":1,"minecraft:dispenser":2,"minecraft:chest":2,"legendary_monsters:infected_chorus_fruit":1,"minecraft:allium":4,"minecraft:weeping_vines":3,"wom:solar":3,"born_in_chaos_v1:smoked_flesh":15,"minecraft:lava_bucket":30,"call_of_yucutan:sentient_vine":15,"mofus_better_end_:eye_guardian_tower_spawn_egg":1,"minecraft:stone_brick_stairs":3,"minecraft:furnace":7,"born_in_chaos_v1:scorched_planks":8,"terramity:fairystone":1,"minecraft:mossy_stone_bricks":2,"minecraft:blackstone":1,"minecraft:wooden_pickaxe":16,"tombstone:tablet_of_guard":3,"tombstone:scroll_of_true_sight":1,"celestisynth:rainfall_serenity":1,"minecraft:golden_apple":23,"minecraft:glow_berries":1,"mofus_better_end_:endermite_egg":1,"mofus_better_end_:endermite_guardian_spawn_egg":1,"minecraft:fire_charge":1,"minecraft:oak_boat":1,"tombstone:scroll_of_lightning_resistance":1,"minecraft:iron_bars":1,"farmersdelight:vegetable_noodles":2,"minecraft:netherrack":14,"minecraft:torch":1,"terramity:deepslate_iridescent_ore":1,"born_in_chaos_v1:supreme_measure":14,"born_in_chaos_v1:chipped_black_argillite_brick":2,"minecraft:flowering_azalea":1,"minecraft:rooted_dirt":36,"terramity:cardboard_box_marked":1,"minecraft:barrel":3,"minecraft:diamond_chestplate":5,"terramity:stone_tile_slab":1,"farmersdelight:cooking_pot":1,"tombstone:gift":8,"minecraft:cobbled_deepslate":34,"minecraft:cherry_log":2,"farmersdelight:shepherds_pie":2,"minecraft:crimson_stem":7,"minecraft:calcite":2,"minecraft:water_bucket":29,"celestisynth:breezebreaker":3,"minecraft:bundle":11,"minecraft:cherry_planks":64,"wom:ruine":77,"mofus_better_end_:mitequeenaltar":1,"minecraft:cracked_stone_bricks":1,"minecraft:crafting_table":19,"minecraft:white_bed":8,"minecraft:ender_eye":26,"minecraft:diamond_pickaxe":206,"minecraft:iron_pickaxe":499,"minecraft:cobblestone":60,"terramity:igneostone":4,"travelersbackpack:standard":50,"minecraft:cooked_porkchop":14,"born_in_chaos_v1:bone_imp_spawn_egg":1,"tombstone:scroll_of_unstable_intangibility":1,"wom:satsujin":3,"minecraft:cherry_sapling":9,"minecraft:oak_sign":1,"minecraft:polished_basalt":2,"minecraft:decorated_pot":3,"farmersdelight:stove":1,"minecraft:iron_sword":229,"minecraft:iron_chestplate":4,"minecraft:carrot":8,"legendary_monsters:ancient_dripstone_block":7,"minecraft:tuff":13,"born_in_chaos_v1:corpse_maggot":6,"mofus_better_end_:end_manta_spawn_egg":3,"minecraft:crimson_roots":1,"minecraft:stone_bricks":3,"minecraft:red_carpet":1,"farmersdelight:cutting_board":1,"minecraft:magma_block":1,"mofus_better_end_:guardian_altar":1,"minecraft:hay_block":1,"mofus_better_end_:eye_guardian_crawler_spawn_egg":1,"minecraft:dark_oak_stairs":1,"epicfight:skillbook":13,"minecraft:stone_pickaxe":103,"minecraft:oak_planks":1,"minecraft:ender_pearl":12,"minecraft:end_stone_brick_slab":2,"minecraft:sugar_cane":12,"minecraft:white_wool":17,"mofus_better_end_:eye_guardian_seeker_spawn_egg":1,"minecraft:mushroom_stew":3,"minecraft:dripstone_block":3,"minecraft:end_stone":128,"minecraft:bread":101,"tombstone:grave_key":5,"minecraft:gravel":6,"minecraft:coarse_dirt":2,"minecraft:experience_bottle":37,"minecraft:purpur_block":2,"minecraft:flint_and_steel":5,"minecraft:stone_hoe":12,"minecraft:cooked_chicken":3,"minecraft:dirt":18,"minecraft:granite":9,"legendary_monsters:spiky_shield":116,"farmersdelight:rope":3,"minecraft:stone_brick_slab":1,"minecraft:crimson_planks":11,"terramity:cardboard_box":1,"minecraft:golden_carrot":5,"aquamirae:poseidons_breakfast":3,"minecraft:cooked_beef":14,"minecraft:enchanted_golden_apple":5,"minecraft:iron_leggings":1,"minecraft:cooked_mutton":16,"minecraft:cobblestone_stairs":1,"farmersdelight:skillet":2,"terramity:excalibur":478,"celestisynth:crescentia":1,"illusion_onslaught:patterned_cultstone":2,"mofus_better_end_:small_end_guardian_spawn_egg":1,"terramity:deepslate_topaz_ore":1,"iceandfire:ambrosia":15,"mofus_better_end_:zombified_enderman_spawn_egg":1,"minecraft:stone_axe":191,"minecraft:pink_petals":5,"farmersdelight:bone_broth":16,"mofus_better_end_:eye_guardian_spawn_egg":1,"minecraft:bucket":59,"minecraft:sculk_catalyst":2},"minecraft:mined":{"minecraft:white_bed":5,"minecraft:cherry_log":29,"minecraft:jungle_leaves":7,"minecraft:granite":13,"terramity:deepslate_topaz_ore":1,"illusion_onslaught:arcaned_calcite":3,"minecraft:deepslate_bricks":1,"minecraft:spawner":47,"terramity:nether_ruby_ore":1,"minecraft:weeping_vines_plant":1,"minecraft:magma_block":2,"minecraft:cobbled_deepslate":8,"minecraft:fire":14,"minecraft:barrel":3,"minecraft:deepslate_lapis_ore":1,"minecraft:sculk_shrieker":4,"minecraft:cave_vines":1,"minecraft:iron_block":1,"farmersdelight:wild_potatoes":1,"minecraft:brown_mushroom":54,"minecraft:crimson_nylium":1,"minecraft:torch":1,"terramity:stone_tile_slab":2,"illusion_onslaught:cultstone":6,"minecraft:sugar_cane":6,"minecraft:amethyst_block":1,"minecraft:tinted_glass":1,"minecraft:stone_brick_stairs":3,"minecraft:grass":25,"mofus_better_end_:obsidian_bricks_walls":1,"minecraft:smooth_basalt":2,"minecraft:deepslate":116,"farmersdelight:wild_carrots":12,"minecraft:end_stone":134,"minecraft:nether_bricks":3,"minecraft:allium":1,"minecraft:crimson_roots":1,"minecraft:redstone_wire":1,"minecraft:moss_block":2,"farmersdelight:wild_onions":16,"mofus_better_end_:end_spore_plant":1,"minecraft:andesite":3,"minecraft:diamond_block":4,"terramity:end_onyx_ore":2,"minecraft:cherry_planks":18,"minecraft:stone_brick_slab":1,"bosses_of_mass_destruction:obsidilith_rune":1,"minecraft:tall_grass":9,"minecraft:copper_ore":3,"minecraft:deepslate_gold_ore":2,"minecraft:diorite":10,"minecraft:big_dripleaf":1,"terramity:igneostone":6,"minecraft:coarse_dirt":2,"minecraft:trapped_chest":2,"minecraft:birch_leaves":3,"minecraft:gravel":8,"minecraft:dripstone_block":1,"mofus_better_end_:poison_cobweb":1,"minecraft:cobweb":35,"minecraft:stone_bricks":7,"minecraft:fern":11,"minecraft:large_amethyst_bud":1,"minecraft:cobblestone_stairs":1,"terramity:cardboard_box":1,"minecraft:brewing_stand":1,"minecraft:grass_block":9,"illusion_onslaught:patterned_cultstone":6,"minecraft:smooth_stone":3,"minecraft:sculk_catalyst":2,"minecraft:iron_ore":27,"born_in_chaos_v1:black_argillite_brick_slab":1,"minecraft:dark_oak_stairs":1,"minecraft:flowering_azalea_leaves":1,"minecraft:iron_bars":1,"minecraft:azalea_leaves":5,"minecraft:end_stone_bricks":3,"minecraft:blackstone":4,"legendary_monsters:ancient_dripstone_block":2,"minecraft:clay":4,"minecraft:end_stone_brick_slab":2,"minecraft:calcite":2,"minecraft:chest":2,"minecraft:cobblestone":7,"minecraft:wall_torch":1,"minecraft:pink_petals":2,"minecraft:smooth_stone_slab":1,"mofus_better_end_:amedeo_grass":1,"minecraft:oak_log":11,"terramity:cardboard_box_marked":1,"minecraft:dirt":15,"minecraft:crimson_planks":1,"minecraft:dispenser":2,"minecraft:netherrack":26,"minecraft:oak_leaves":1,"minecraft:emerald_block":1,"minecraft:red_carpet":1,"minecraft:tuff":22,"minecraft:dark_oak_leaves":2,"minecraft:deepslate_diamond_ore":12,"minecraft:decorated_pot":3,"terramity:fairystone":1,"minecraft:spruce_leaves":13,"minecraft:rooted_dirt":36,"minecraft:crimson_stem":14,"minecraft:large_fern":1,"minecraft:hay_block":13,"minecraft:furnace":5,"minecraft:polished_basalt":2,"minecraft:chiseled_deepslate":1,"minecraft:nether_brick_fence":2,"minecraft:bookshelf":4,"minecraft:deepslate_iron_ore":24,"minecraft:stone":140,"illusion_onslaught:enchanted_cultstone":1,"minecraft:flowering_azalea":1,"minecraft:infested_stone_bricks":2,"travelersbackpack:standard":2,"minecraft:crafting_table":7,"minecraft:sculk_sensor":12,"born_in_chaos_v1:chipped_black_argillite_brick":7,"minecraft:end_stone_brick_stairs":2,"minecraft:redstone_torch":2,"minecraft:ice":3,"minecraft:coal_ore":51,"minecraft:cherry_leaves":4,"terramity:deepslate_iridescent_ore":6,"minecraft:cracked_stone_bricks":1,"minecraft:polished_andesite":1,"minecraft:mossy_stone_bricks":3,"mofus_better_end_:end_moss_block":1},"minecraft:crafted":{"born_in_chaos_v1:death_totem":1,"minecraft:blaze_powder":11,"minecraft:cooked_mutton":16,"minecraft:diamond_helmet":1,"minecraft:diamond_leggings":1,"legendary_monsters:spiky_shield":1,"iceandfire:ambrosia":12,"minecraft:emerald":1,"minecraft:cooked_porkchop":12,"farmersdelight:bone_broth":10,"minecraft:iron_pickaxe":2,"minecraft:gold_ingot":11,"minecraft:diamond":3,"minecraft:stone_pickaxe":1,"minecraft:diamond_boots":1,"minecraft:wheat":15,"illusion_onslaught:arcane_powder":2,"minecraft:golden_apple":8,"minecraft:iron_leggings":1,"minecraft:white_bed":1,"minecraft:oak_planks":5,"minecraft:cooked_chicken":3,"minecraft:iron_boots":2,"tombstone:grave_key":3,"minecraft:chest":1,"minecraft:stone_hoe":1,"minecraft:ender_eye":16,"minecraft:crafting_table":11,"minecraft:wooden_pickaxe":1,"minecraft:iron_helmet":2,"minecraft:diamond_pickaxe":1,"minecraft:shield":1,"minecraft:stick":22,"minecraft:iron_ingot":1,"minecraft:cherry_planks":27,"minecraft:furnace":3,"minecraft:flint_and_steel":1,"iceandfire:pixie_wand":1,"minecraft:cooked_beef":14,"minecraft:crimson_planks":7,"minecraft:iron_sword":1,"minecraft:bowl":7,"minecraft:stone_axe":2,"born_in_chaos_v1:scorched_planks":9,"minecraft:bread":62,"minecraft:air":547,"minecraft:oak_boat":1,"minecraft:white_wool":17},"minecraft:picked_up":{"minecraft:iron_chestplate":2,"minecraft:prismarine_shard":2,"terramity:cardboard_box":1,"terramity:fairy_dust":10,"minecraft:brewing_stand":1,"minecraft:amethyst_block":3,"terramity:occult_fabric":3,"minecraft:music_disc_cat":1,"minecraft:string":71,"illusion_onslaught:air_scroll":4,"minecraft:cobbled_deepslate":102,"illusion_onslaught:arcane_powder":6,"minecraft:coal_block":1,"born_in_chaos_v1:shattered_skull":2,"minecraft:big_dripleaf":2,"minecraft:cherry_log":29,"farmersdelight:onion":15,"minecraft:polished_basalt":2,"minecraft:iron_block":1,"farmersdelight:rope":18,"minecraft:blaze_rod":50,"minecraft:iron_bars":2,"terramity:stone_tile_slab":2,"minecraft:magma_block":2,"minecraft:feather":4,"born_in_chaos_v1:spiritual_dust":4,"minecraft:flint":1,"terramity:topaz":1,"mofus_better_end_:end_moss":1,"terramity:fairystone":1,"minecraft:moss_block":2,"irons_spellbooks:legendary_ink":3,"iceandfire:shiny_scales":1,"minecraft:barrel":3,"minecraft:bundle":3,"minecraft:dispenser":2,"legendary_monsters:chiseled_ancient_dripstone_shard":1,"minecraft:granite":13,"minecraft:golden_horse_armor":1,"minecraft:bread":14,"minecraft:rooted_dirt":36,"minecraft:crimson_roots":2,"minecraft:crafting_table":8,"minecraft:coarse_dirt":2,"iceandfire:witherbone":2,"minecraft:nether_wart":1,"minecraft:clay_ball":32,"born_in_chaos_v1:seedof_chaos":4,"paraglider:heart_container":1,"minecraft:purpur_block":11,"minecraft:cracked_stone_bricks":3,"terramity:daemonium_chunk":1,"minecraft:beef":23,"legendary_monsters:ancient_dripstone_block":8,"born_in_chaos_v1:gnawed_bones":1,"minecraft:chest":2,"minecraft:egg":2,"born_in_chaos_v1:pieceofdarkmetal":2,"minecraft:carrot":14,"minecraft:redstone":250,"legendary_monsters:infected_chorus_fruit":2,"minecraft:prismarine_crystals":6,"irons_spellbooks:evocation_rune":3,"minecraft:decorated_pot":3,"minecraft:beetroot_seeds":4,"minecraft:deepslate_bricks":2,"minecraft:hay_block":13,"born_in_chaos_v1:spiny_shell":5,"minecraft:gold_ingot":9,"minecraft:glow_berries":2,"minecraft:mutton":16,"mofus_better_end_:end_energy_shard":115,"minecraft:white_wool":9,"born_in_chaos_v1:monster_flesh":18,"minecraft:red_mushroom":5,"minecraft:oak_log":11,"terramity:igneostone":8,"minecraft:apple":10,"minecraft:stone_bricks":3,"mofus_better_end_:end_spore_plant":1,"born_in_chaos_v1:smoked_flesh":15,"tombstone:bag_of_seeds":1,"minecraft:iron_sword":6,"minecraft:flowering_azalea":1,"minecraft:dark_oak_stairs":1,"legendary_monsters:large_shulker_shell":1,"minecraft:smooth_basalt":2,"minecraft:sweet_berries":1,"born_in_chaos_v1:orbofthe_summoner":2,"born_in_chaos_v1:ethereal_spirit":5,"minecraft:gravel":7,"born_in_chaos_v1:fangofthe_hound_leader":1,"minecraft:dragon_egg":1,"minecraft:leather_helmet":1,"travelersbackpack:standard":2,"minecraft:melon_seeds":3,"illusion_onslaught:cultstone":2,"terramity:gold_round":5,"minecraft:ender_pearl":59,"minecraft:shulker_shell":8,"irons_spellbooks:scroll":43,"minecraft:chiseled_deepslate":1,"minecraft:wheat":5,"minecraft:nether_brick_fence":2,"minecraft:stone_brick_stairs":3,"minecraft:crimson_planks":7,"terramity:copper_round":2,"minecraft:iron_leggings":1,"minecraft:oak_sign":1,"irons_spellbooks:arcane_essence":47,"minecraft:bucket":5,"minecraft:redstone_torch":2,"minecraft:calcite":2,"terramity:echo_candy":1,"minecraft:ender_eye":11,"born_in_chaos_v1:stimulating_decoction":3,"alexsmobs:raccoon_tail":1,"terramity:sapphire":1,"born_in_chaos_v1:smoldering_scorched_log":1,"farmersdelight:cabbage_seeds":2,"minecraft:furnace":5,"minecraft:stick":16,"minecraft:tipped_arrow":3,"iceandfire:pixie_dust":19,"terramity:ruby":3,"minecraft:torch":2,"epicfight:skillbook":9,"minecraft:porkchop":12,"minecraft:pointed_dripstone":3,"tombstone:grave_dust":8,"minecraft:diorite":10,"born_in_chaos_v1:nightmare_claw":3,"minecraft:rotten_flesh":41,"terramity:cardboard":4,"terramity:ball_n_chain":1,"alexsmobs:capsid":5,"irons_spellbooks:magic_cloth":2,"minecraft:obsidian":22,"minecraft:blaze_powder":1,"minecraft:cobblestone":147,"minecraft:pink_petals":5,"minecraft:cherry_planks":71,"minecraft:andesite":3,"minecraft:potato":1,"paraglider:spirit_orb":118,"minecraft:tuff":22,"minecraft:dirt":22,"minecraft:lapis_lazuli":8,"born_in_chaos_v1:monster_skin":11,"minecraft:bone":53,"minecraft:wheat_seeds":7,"illusion_onslaught:patterned_cultstone":3,"minecraft:mossy_stone_bricks":6,"minecraft:bamboo":13,"minecraft:ghast_tear":2,"irons_spellbooks:frozen_bone":27,"minecraft:cooked_porkchop":2,"minecraft:music_disc_13":1,"minecraft:diamond_block":3,"iceandfire:pixie_wings":1,"born_in_chaos_v1:fire_dust":3,"minecraft:diamond":20,"minecraft:bone_meal":1,"minecraft:golden_apple":5,"minecraft:emerald":5,"minecraft:netherrack":27,"irons_spellbooks:uncommon_ink":2,"minecraft:fishing_rod":1,"minecraft:charcoal":2,"minecraft:allium":16,"minecraft:splash_potion":4,"minecraft:chicken":3,"legendary_monsters:lava_eaters_skin":9,"minecraft:brown_mushroom":63,"minecraft:wooden_pickaxe":1,"minecraft:chain":1,"legendary_monsters:ancient_spike":10,"terramity:warden_soul":2,"artifacts:fire_gauntlet":1,"minecraft:blackstone":3,"terramity:accursed_soul":200,"tombstone:scroll_of_unstable_intangibility":1,"terramity:cardboard_box_marked":1,"minecraft:echo_shard":11,"minecraft:tinted_glass":1,"minecraft:sugar_cane":12,"minecraft:raw_iron":30,"minecraft:end_stone":173,"minecraft:copper_ingot":12,"minecraft:bowl":3,"wom:eternal_fire_arcane":1,"terramity:dimlite_nugget":3,"minecraft:iron_horse_armor":1,"minecraft:weeping_vines":3,"minecraft:arrow":18,"minecraft:nether_bricks":3,"mofus_better_end_:obsidian_bricks_walls":1,"born_in_chaos_v1:corpse_maggot":12,"minecraft:air":0,"minecraft:crimson_stem":14,"minecraft:leather":7,"minecraft:gunpowder":12,"minecraft:cobblestone_stairs":1,"terramity:chthonic_crystal":7,"irons_spellbooks:rare_ink":2,"irons_spellbooks:common_ink":19,"minecraft:red_carpet":1,"minecraft:iron_ingot":31,"born_in_chaos_v1:chipped_black_argillite_brick":2,"terramity:onyx":6,"minecraft:book":12,"minecraft:sculk_catalyst":3,"minecraft:emerald_block":3,"minecraft:stone_brick_slab":1,"minecraft:dripstone_block":3,"mofus_better_end_:end_manta_chop":3,"born_in_chaos_v1:dark_rod":3,"irons_spellbooks:dragonskin":6,"minecraft:white_bed":5,"mofus_better_end_:poison_pearl":11,"terramity:iridescent_shard":17,"minecraft:spider_eye":13,"minecraft:cherry_sapling":12,"tombstone:magic_scroll":1,"minecraft:end_stone_brick_slab":2,"minecraft:coal":136},"minecraft:broken":{"minecraft:diamond_helmet":1,"minecraft:iron_leggings":2,"minecraft:diamond_leggings":1,"minecraft:iron_pickaxe":2,"minecraft:iron_helmet":1,"minecraft:golden_helmet":1,"minecraft:diamond_boots":1,"minecraft:stone_axe":2,"minecraft:diamond_chestplate":1},"minecraft:dropped":{"minecraft:iron_sword":7,"irons_spellbooks:rare_ink":2,"minecraft:lapis_lazuli":8,"minecraft:diamond":8,"minecraft:glow_berries":1,"minecraft:cracked_stone_bricks":2,"born_in_chaos_v1:pieceofdarkmetal":1,"born_in_chaos_v1:nightmare_claw":2,"minecraft:leather_helmet":2,"minecraft:red_mushroom":5,"minecraft:emerald":4,"born_in_chaos_v1:monster_flesh":18,"minecraft:dirt":2,"irons_spellbooks:arcane_essence":1,"minecraft:bone_meal":1,"terramity:soul_lamp":1,"minecraft:white_wool":6,"minecraft:bone":19,"minecraft:emerald_block":2,"minecraft:cobbled_deepslate":12,"minecraft:tinted_glass":1,"terramity:cardboard":4,"minecraft:wheat":5,"minecraft:obsidian":3,"minecraft:rotten_flesh":30,"born_in_chaos_v1:smoked_flesh":15,"minecraft:end_stone":1,"minecraft:blaze_powder":1,"minecraft:tipped_arrow":3,"terramity:echo_candy":1,"terramity:sapphire":1,"minecraft:charcoal":1,"minecraft:ghast_tear":2,"minecraft:crimson_planks":6,"minecraft:enchanted_book":1,"minecraft:iron_ingot":6,"minecraft:wheat_seeds":6,"minecraft:prismarine_crystals":6,"minecraft:iron_helmet":1,"minecraft:cobblestone":7,"minecraft:apple":10,"minecraft:coal":4,"minecraft:golden_apple":4,"minecraft:coal_block":1,"born_in_chaos_v1:gnawed_bones":1,"irons_spellbooks:evocation_rune":2,"terramity:ruby":2,"minecraft:cherry_planks":54,"minecraft:string":12,"terramity:onyx":4,"minecraft:bowl":6,"irons_spellbooks:uncommon_ink":2,"terramity:daemonium_chunk":1,"minecraft:clay_ball":16,"minecraft:iron_boots":1,"minecraft:big_dripleaf":2,"minecraft:potato":1,"minecraft:allium":12,"minecraft:bundle":2,"terramity:accursed_soul":29,"minecraft:spider_eye":1,"minecraft:bamboo":13,"illusion_onslaught:air_scroll":4,"epicfight:skillbook":5,"minecraft:brown_mushroom":11,"minecraft:ender_pearl":2,"paraglider:spirit_orb":4,"minecraft:music_disc_13":1,"minecraft:gold_ingot":5,"minecraft:purpur_block":3,"minecraft:blackstone":1,"minecraft:pointed_dripstone":3,"minecraft:cherry_sapling":3,"goblins_tyranny:goblins_tyranny_guide":1,"minecraft:gunpowder":6,"irons_spellbooks:magic_cloth":2,"born_in_chaos_v1:corpse_maggot":4,"minecraft:iron_bars":1,"minecraft:arrow":2,"minecraft:bread":14,"irons_spellbooks:legendary_ink":2,"minecraft:prismarine_shard":2,"born_in_chaos_v1:orbofthe_summoner":1,"minecraft:amethyst_block":2,"terramity:ball_n_chain":1,"minecraft:stick":19,"irons_spellbooks:scroll":40,"legendary_monsters:lava_eaters_skin":6,"minecraft:fire_charge":2,"minecraft:iron_leggings":1,"irons_spellbooks:common_ink":19,"terramity:occult_fabric":2,"irons_spellbooks:frozen_bone":21,"terramity:fairy_dust":7,"minecraft:bucket":4,"minecraft:redstone":85,"born_in_chaos_v1:smoldering_scorched_log":1,"minecraft:sweet_berries":1,"minecraft:nether_wart":1,"minecraft:blaze_rod":30,"minecraft:tuff":4,"terramity:copper_round":2,"born_in_chaos_v1:spiritual_dust":2,"tombstone:scroll_of_unstable_intangibility":1,"terramity:igneostone":2,"terramity:dimlite_nugget":3,"minecraft:iron_chestplate":3,"minecraft:mossy_stone_bricks":4,"minecraft:stone_pickaxe":1,"minecraft:wooden_pickaxe":2}},"DataVersion":3465}