{"stats":{"minecraft:picked_up":{"minecraft:crafting_table":1,"minecraft:raw_iron":4,"minecraft:brown_wool":1,"minecraft:bamboo_slab":1,"minecraft:dirt":1,"minecraft:smooth_sandstone_slab":2,"minecraft:smooth_sandstone":1,"minecraft:beef":1,"cataclysm:sandstone_poison_dart_trap":2,"minecraft:bamboo_mosaic_stairs":1,"minecraft:black_wool":1,"minecraft:mutton":6,"minecraft:mangrove_log":9,"minecraft:white_wool":2,"minecraft:cobblestone":50},"minecraft:used":{"minecraft:water_bucket":2,"minecraft:writable_book":1,"minecraft:stone_pickaxe":44,"minecraft:wooden_pickaxe":18,"minecraft:stone_axe":16,"minecraft:dirt":1,"minecraft:cobblestone":1,"minecraft:crafting_table":3,"minecraft:bucket":1,"minecraft:book":1},"minecraft:mined":{"minecraft:bamboo_slab":1,"cataclysm:sandstone_poison_dart_trap":2,"minecraft:iron_ore":4,"cataclysm:polished_sandstone":1,"minecraft:smooth_sandstone":1,"minecraft:mangrove_leaves":7,"minecraft:crafting_table":1,"minecraft:grass":5,"minecraft:dirt":1,"minecraft:mangrove_log":9,"minecraft:bamboo_mosaic_stairs":1,"minecraft:stone":50,"minecraft:smooth_sandstone_slab":1,"minecraft:oak_leaves":1},"minecraft:custom":{"minecraft:time_since_rest":205,"minecraft:sprint_one_cm":19386,"minecraft:damage_taken":210,"minecraft:walk_one_cm":23245,"minecraft:mob_kills":6,"minecraft:damage_dealt":620,"minecraft:swim_one_cm":4919,"minecraft:interact_with_crafting_table":4,"minecraft:fly_one_cm":134281,"minecraft:crouch_one_cm":2577,"minecraft:play_time":14691,"minecraft:deaths":1,"minecraft:sneak_time":954,"minecraft:walk_under_water_one_cm":367,"minecraft:jump":268,"minecraft:leave_game":1,"minecraft:walk_on_water_one_cm":945,"minecraft:time_since_death":183,"minecraft:total_world_time":14691,"minecraft:climb_one_cm":70,"minecraft:fall_one_cm":11611},"minecraft:killed":{"minecraft:sheep":4,"minecraft:zombie":1,"minecraft:cow":1},"minecraft:crafted":{"minecraft:crafting_table":2,"minecraft:stick":8,"minecraft:wooden_pickaxe":1,"minecraft:stone_pickaxe":1,"minecraft:mangrove_planks":36,"minecraft:stone_axe":1}},"DataVersion":3465}