{"stats":{"minecraft:mined":{"minecraft:dark_oak_planks":13,"minecraft:white_bed":1,"minecraft:black_terracotta":1,"minecraft:jungle_leaves":1,"minecraft:potted_crimson_fungus":1,"minecraft:obsidian":5,"minecraft:potted_dead_bush":1,"minecraft:granite":15,"born_in_chaos_v1:dark_metal_deposit":4,"minecraft:stone_brick_wall":1,"minecraft:spawner":22,"minecraft:polished_blackstone_bricks":12,"minecraft:weeping_vines_plant":2,"minecraft:magma_block":1,"minecraft:cobbled_deepslate":23,"minecraft:fire":6,"minecraft:barrel":1,"minecraft:deepslate_lapis_ore":6,"minecraft:cave_vines":3,"minecraft:player_head":5,"minecraft:red_bed":1,"minecraft:amethyst_cluster":3,"minecraft:powder_snow":3,"minecraft:torch":1,"minecraft:note_block":11,"minecraft:blast_furnace":1,"minecraft:glass":1,"minecraft:damaged_anvil":2,"minecraft:amethyst_block":3,"minecraft:chain":3,"minecraft:lilac":4,"minecraft:jukebox":1,"celestisynth:lunar_stone":10,"born_in_chaos_v1:black_argillite_brick":1,"minecraft:stone_brick_stairs":2,"minecraft:grass":43,"minecraft:deepslate":242,"iceandfire:silver_ore":2,"minecraft:mossy_cobblestone":1,"farmersdelight:wild_carrots":15,"minecraft:dark_oak_fence":2,"minecraft:allium":1,"minecraft:spruce_fence":2,"born_in_chaos_v1:black_argillite":43,"epicpaladins:deepslate_arclight_ore":2,"farmersdelight:wild_onions":11,"minecraft:packed_mud":3,"minecraft:snow":1,"minecraft:andesite":14,"minecraft:cobblestone_slab":3,"minecraft:vine":5,"minecraft:rail":1,"irons_spellbooks:inscription_table":3,"minecraft:bone_block":78,"minecraft:white_wool":2,"minecraft:smithing_table":1,"minecraft:oak_slab":6,"minecraft:glass_pane":2,"minecraft:stone_brick_slab":2,"minecraft:smooth_sandstone":8,"minecraft:lightning_rod":3,"minecraft:tall_grass":9,"minecraft:deepslate_gold_ore":13,"minecraft:diorite":4,"minecraft:trapped_chest":1,"minecraft:birch_leaves":6,"minecraft:dark_prismarine_slab":1,"minecraft:gravel":5,"minecraft:cobweb":26,"minecraft:stone_bricks":2,"minecraft:gold_ore":2,"travelersbackpack:cake":1,"minecraft:spruce_planks":13,"minecraft:cave_vines_plant":1,"minecraft:spruce_trapdoor":1,"minecraft:budding_amethyst":1,"minecraft:grass_block":10,"minecraft:cracked_polished_blackstone_bricks":1,"minecraft:white_concrete":1,"minecraft:mud_bricks":15,"minecraft:raw_iron_block":1,"minecraft:iron_ore":36,"minecraft:dark_oak_stairs":1,"minecraft:iron_bars":2,"minecraft:purple_carpet":1,"minecraft:spruce_slab":2,"minecraft:blackstone":50,"minecraft:calcite":1,"minecraft:chest":5,"minecraft:cobblestone":28,"minecraft:oak_planks":14,"minecraft:deepslate_copper_ore":2,"minecraft:pink_petals":2,"minecraft:seagrass":1,"minecraft:dark_oak_slab":3,"minecraft:birch_log":5,"epicpaladins:deepslate_cryorium_ore":12,"born_in_chaos_v1:river_mint":1,"minecraft:stripped_oak_wood":4,"minecraft:tnt":1,"minecraft:oak_log":26,"minecraft:sand":71,"minecraft:dirt":22,"minecraft:tripwire_hook":1,"minecraft:netherrack":199,"minecraft:oak_leaves":29,"alexscaves:spelunkery_table":1,"minecraft:red_carpet":4,"minecraft:tuff":34,"minecraft:dark_oak_leaves":4,"minecraft:deepslate_diamond_ore":13,"minecraft:sandstone":5,"minecraft:hay_block":23,"minecraft:furnace":2,"minecraft:gold_block":6,"minecraft:bookshelf":3,"farmersdelight:rope":1,"minecraft:deepslate_iron_ore":72,"minecraft:stripped_oak_log":2,"minecraft:stone":141,"minecraft:acacia_leaves":2,"epicpaladins:deepslate_bloodstone_ore":12,"minecraft:snow_block":5,"minecraft:crafting_table":2,"minecraft:oak_wood":1,"minecraft:rose_bush":4,"minecraft:deepslate_coal_ore":1,"born_in_chaos_v1:chipped_black_argillite_brick":3,"minecraft:lapis_ore":3,"minecraft:polished_blackstone_brick_stairs":1,"minecraft:spruce_stairs":7,"minecraft:gray_bed":2,"minecraft:coal_ore":66,"minecraft:flower_pot":1},"minecraft:custom":{"minecraft:interact_with_crafting_table":92,"minecraft:open_barrel":241,"minecraft:bell_ring":4,"minecraft:eat_cake_slice":8,"minecraft:leave_game":5,"minecraft:time_since_death":71087,"minecraft:play_time":871552,"minecraft:deaths":48,"minecraft:jump":15300,"minecraft:interact_with_furnace":86,"minecraft:traded_with_villager":2,"minecraft:sleep_in_bed":12,"minecraft:waystone_activated":7,"tombstone:sneak_grave":1,"minecraft:damage_dealt":64932,"tombstone:undead_killed":143,"minecraft:interact_with_smoker":11,"minecraft:interact_with_smithing_table":4,"minecraft:interact_with_anvil":6,"minecraft:inspect_hopper":2,"minecraft:damage_dealt_absorbed":1736,"minecraft:sneak_time":23811,"minecraft:interact_with_lectern":1,"minecraft:interact_with_blast_furnace":5,"minecraft:total_world_time":871552,"tombstone:raider_killed":23,"minecraft:tune_noteblock":9,"minecraft:time_since_rest":70722,"tombstone:cast_on_ally":1,"minecraft:swim_one_cm":410303,"minecraft:fly_one_cm":4366488,"minecraft:open_chest":550,"minecraft:fall_one_cm":752514,"minecraft:animals_bred":3,"minecraft:damage_resisted":18,"minecraft:sprint_one_cm":3372092,"minecraft:drop":233,"minecraft:play_noteblock":29,"minecraft:talked_to_villager":3,"minecraft:interact_with_brewingstand":9,"minecraft:walk_on_water_one_cm":337474,"minecraft:interact_with_loom":1,"minecraft:player_kills":6,"minecraft:crouch_one_cm":118844,"minecraft:mob_kills":358,"minecraft:damage_dealt_resisted":2992,"minecraft:climb_one_cm":23683,"minecraft:walk_one_cm":4464582,"minecraft:walk_under_water_one_cm":233430,"minecraft:boat_one_cm":94619,"minecraft:damage_taken":32258,"minecraft:damage_absorbed":180,"minecraft:trigger_trapped_chest":5},"minecraft:dropped":{"minecraft:iron_sword":1,"iceandfire:raw_silver":6,"minecraft:porkchop":4,"minecraft:cooked_beef":7,"minecraft:glass_bottle":4,"minecraft:diamond":5,"minecraft:pitcher_pod":2,"minecraft:weeping_vines":2,"minecraft:glow_berries":2,"born_in_chaos_v1:pieceofdarkmetal":2,"minecraft:leather_helmet":3,"minecraft:red_mushroom":1,"minecraft:red_carpet":34,"born_in_chaos_v1:monster_flesh":1,"minecraft:dirt":5,"irons_spellbooks:silver_ring":1,"minecraft:chain":4,"minecraft:gold_nugget":22,"minecraft:sugar":7,"minecraft:dark_oak_planks":12,"minecraft:white_wool":5,"artifacts:cowboy_hat":1,"minecraft:bone":2,"minecraft:note_block":4,"mowziesmobs:umvuthana_mask_rage":1,"minecraft:wheat":7,"minecraft:rotten_flesh":10,"born_in_chaos_v1:smoked_flesh":15,"minecraft:golden_shovel":4,"bosses_of_mass_destruction:soul_star":1,"artifacts:panic_necklace":1,"minecraft:glass":27,"minecraft:beef":18,"epicpaladins:bloodstone_sword":1,"call_of_yucutan:chili_pepper_seeds":6,"irons_spellbooks:cast_time_ring":1,"epicfight:diamond_greatsword":1,"minecraft:enchanted_book":2,"farmersdelight:tomato_seeds":9,"minecraft:golden_boots":1,"minecraft:iron_ingot":25,"minecraft:wheat_seeds":25,"minecraft:book":2,"minecraft:feather":1,"minecraft:iron_helmet":1,"minecraft:cobblestone":7,"epicpaladins:bloodstone_pickaxe":4,"minecraft:apple":14,"epicfight:stone_spear":2,"minecraft:coal":4,"epicfight:iron_greatsword":1,"minecraft:potion":4,"minecraft:red_dye":2,"minecraft:iron_shovel":1,"minecraft:chainmail_leggings":1,"minecraft:trapped_chest":1,"artifacts:bunny_hoppers":2,"minecraft:player_head":6,"minecraft:cocoa_beans":3,"minecraft:bowl":1,"minecraft:experience_bottle":3,"minecraft:chicken":1,"minecraft:iron_boots":4,"minecraft:pumpkin_seeds":6,"minecraft:potato":6,"minecraft:hay_block":5,"minecraft:flower_pot":1,"minecraft:bundle":1,"minecraft:diamond_pickaxe":1,"minecraft:spider_eye":6,"irons_spellbooks:iron_spell_book":1,"minecraft:magenta_dye":12,"travelersbackpack:cake":1,"minecraft:magma_block":1,"epicfight:skillbook":7,"minecraft:black_wool":2,"minecraft:birch_planks":23,"mowziesmobs:umvuthana_mask_faith":2,"iceandfire:fire_dragon_flesh":3,"minecraft:leather":2,"travelersbackpack:standard":3,"farmersdelight:rice":2,"paraglider:spirit_orb":21,"artifacts:night_vision_goggles":1,"minecraft:mutton":1,"minecraft:crimson_roots":3,"minecraft:cooked_cod":6,"farmersdelight:onion":5,"minecraft:polished_blackstone_bricks":5,"minecraft:gravel":4,"minecraft:blackstone":1,"born_in_chaos_v1:fire_dust":1,"minecraft:cooked_mutton":5,"minecraft:carrot":8,"minecraft:melon_seeds":2,"born_in_chaos_v1:corpse_maggot":2,"minecraft:chest":1,"born_in_chaos_v1:diamond_termite_shard":5,"minecraft:arrow":10,"minecraft:polished_granite":1,"minecraft:netherrack":4,"minecraft:bread":72,"minecraft:water_bucket":1,"minecraft:golden_helmet":1,"born_in_chaos_v1:black_argillite_brick_slab":2,"iceandfire:lightning_dragon_flesh":4,"minecraft:stick":6,"irons_spellbooks:scroll":1,"farmersdelight:cooking_pot":1,"tombstone:grave_key":1,"minecraft:white_concrete":1,"minecraft:melon_slice":5,"minecraft:iron_leggings":1,"irons_spellbooks:common_ink":3,"minecraft:tripwire_hook":3,"travelersbackpack:red_sleeping_bag":1,"iceandfire:dragonscales_bronze":5,"minecraft:dandelion":1,"iceandfire:dragonbone":3,"minecraft:tuff":5,"farmersdelight:cabbage_seeds":1,"minecraft:waxed_exposed_cut_copper":2,"minecraft:diamond_chestplate":1,"mowziesmobs:umvuthana_mask_misery":1,"minecraft:iron_chestplate":3,"minecraft:andesite":3,"minecraft:waxed_oxidized_cut_copper":2,"minecraft:cow_spawn_egg":2,"iceandfire:fire_dragon_heart":1,"minecraft:wooden_pickaxe":1},"minecraft:killed_by":{"minecraft:player":8,"born_in_chaos_v1:bloody_gadfly":1},"minecraft:used":{"irons_spellbooks:inscription_table":2,"minecraft:moss_block":1,"minecraft:polished_granite_stairs":1,"minecraft:spruce_slab":6,"minecraft:ladder":1,"minecraft:chest":7,"minecraft:rotten_flesh":1,"minecraft:soul_sand":2,"minecraft:weeping_vines":2,"minecraft:spruce_boat":1,"born_in_chaos_v1:smoked_flesh":67,"minecraft:lava_bucket":11,"born_in_chaos_v1:mint_candy":5,"minecraft:dark_oak_slab":3,"minecraft:bow":62,"minecraft:oak_sapling":2,"minecraft:furnace":7,"minecraft:cooked_cod":4,"minecraft:egg":3,"minecraft:potato":38,"epicpaladins:moonlight_sword":299,"minecraft:diorite":1,"minecraft:damaged_anvil":2,"minecraft:spruce_door":1,"minecraft:blackstone":67,"minecraft:wooden_pickaxe":30,"irons_spellbooks:keeper_spawn_egg":1,"minecraft:golden_apple":1,"minecraft:glow_berries":183,"minecraft:sand":9,"iceandfire:lightning_dragon_flesh":2,"minecraft:polished_granite":1,"minecraft:fire_charge":4,"minecraft:smithing_table":1,"minecraft:dark_oak_fence":2,"minecraft:birch_log":3,"tombstone:scroll_of_lightning_resistance":2,"minecraft:light_gray_carpet":3,"minecraft:netherrack":32,"minecraft:golden_shovel":59,"minecraft:iron_axe":212,"minecraft:chicken_spawn_egg":2,"minecraft:mud_bricks":37,"warden_curse:az_spawn_egg":1,"minecraft:beef":2,"tombstone:gift":14,"minecraft:trapped_chest":1,"minecraft:cobbled_deepslate":311,"minecraft:golden_axe":49,"minecraft:water_bucket":175,"minecraft:birch_planks":4,"minecraft:polished_blackstone_bricks":23,"minecraft:salmon":2,"minecraft:oak_slab":6,"minecraft:crafting_table":14,"minecraft:red_bed":1,"minecraft:white_bed":1,"epicfight:stone_spear":6,"warden_curse:tenticlewarden_spawn_egg":1,"alexsmobs:flying_fish":3,"minecraft:diamond_pickaxe":251,"minecraft:iron_pickaxe":254,"tombstone:magic_scroll":1,"minecraft:leather_helmet":1,"minecraft:spruce_trapdoor":1,"minecraft:cobblestone":53,"travelersbackpack:standard":2,"minecraft:porkchop":5,"minecraft:cooked_porkchop":2,"minecraft:jukebox":1,"epicpaladins:bloodstone_pickaxe":661,"minecraft:iron_shovel":7,"minecraft:bone_block":6,"minecraft:iron_sword":4,"minecraft:player_head":2,"minecraft:iron_chestplate":1,"minecraft:carrot":55,"minecraft:tuff":29,"minecraft:obsidian":7,"minecraft:glass":4,"born_in_chaos_v1:corpse_maggot":34,"mowziesmobs:umvuthana_mask_faith":1,"minecraft:packed_mud":11,"epicfight:diamond_greatsword":187,"minecraft:stone_bricks":1,"minecraft:magma_block":1,"minecraft:gray_bed":3,"minecraft:dark_oak_stairs":1,"epicfight:skillbook":14,"minecraft:diamond_boots":1,"minecraft:stone_pickaxe":131,"minecraft:oak_planks":6,"minecraft:sandstone":25,"minecraft:diamond_axe":287,"minecraft:white_wool":2,"alexscaves:cave_book":1,"minecraft:mushroom_stew":1,"minecraft:shears":23,"minecraft:black_terracotta":1,"waystones:waystone":2,"minecraft:melon_slice":37,"minecraft:bread":115,"tombstone:grave_key":1,"minecraft:gravel":5,"minecraft:golden_helmet":1,"iceandfire:dragon_skull_fire":2,"minecraft:cooked_rabbit":2,"minecraft:andesite":15,"minecraft:chain":1,"minecraft:bone_meal":138,"minecraft:golden_pickaxe":2,"minecraft:experience_bottle":2,"minecraft:rose_bush":1,"born_in_chaos_v1:black_argillite":39,"minecraft:cooked_chicken":2,"minecraft:dirt":47,"minecraft:white_carpet":15,"minecraft:spruce_stairs":7,"minecraft:granite":3,"mowziesmobs:wrought_helmet":1,"farmersdelight:rope":5,"minecraft:stone_brick_slab":2,"minecraft:dark_oak_planks":5,"minecraft:smooth_sandstone":4,"minecraft:polished_blackstone_brick_stairs":3,"minecraft:iron_boots":1,"minecraft:golden_carrot":1,"minecraft:cooked_beef":27,"minecraft:cooked_mutton":10,"minecraft:baked_potato":1,"farmersdelight:onion":21,"minecraft:dark_prismarine_slab":1,"tombstone:bag_of_seeds":7,"celestisynth:lunar_stone":4,"minecraft:flower_pot":1,"minecraft:apple":1,"minecraft:cracked_polished_blackstone_bricks":5,"iceandfire:ash":2,"minecraft:bucket":819,"alexsmobs:animal_dictionary":2},"minecraft:killed":{"alexsmobs:lobster":1,"minecraft:cave_spider":30,"born_in_chaos_v1:restless_spirit":5,"born_in_chaos_v1:door_knight_not_despawn":2,"enemyexpansion:equestrian":1,"born_in_chaos_v1:siamese_skeletonsright":1,"born_in_chaos_v1:baby_skeleton_minion":9,"minecraft:skeleton":15,"minecraft:chicken":3,"mowziesmobs:umvuthana_crane":5,"born_in_chaos_v1:supreme_bonescaller_stage_2":1,"enemyexpansion:vampflyer":1,"minecraft:iron_golem":1,"minecraft:pillager":1,"minecraft:zombie":47,"enemyexpansion:botfly":3,"born_in_chaos_v1:corpse_fly":26,"iceandfire:lightning_dragon":1,"minecraft:cow":8,"alexsmobs:raccoon":1,"minecraft:vindicator":8,"born_in_chaos_v1:skeleton_thrasher_not_despawn":2,"born_in_chaos_v1:thornshell_crab":1,"enemyexpansion:faller":1,"enemyexpansion:silverqueen":1,"born_in_chaos_v1:barrel_zombie":1,"born_in_chaos_v1:bone_imp_minion":3,"enemyexpansion:sprinter":1,"born_in_chaos_v1:decrepit_skeleton":14,"born_in_chaos_v1:bloody_gadfly":2,"iceandfire:ghost":11,"born_in_chaos_v1:zombie_clown":1,"irons_spellbooks:pyromancer":1,"mowziesmobs:umvuthi":1,"minecraft:spider":18,"alexsmobs:froststalker":1,"born_in_chaos_v1:scarlet_persecutor":3,"minecraft:bee":1,"minecraft:silverfish":2,"minecraft:piglin_brute":1,"born_in_chaos_v1:firelight_not_despawn":2,"artifacts:mimic":2,"born_in_chaos_v1:bonescaller":1,"minecraft:pig":3,"alexsmobs:grizzly_bear":2,"born_in_chaos_v1:diamond_termite":10,"irons_spellbooks:necromancer":1,"minecraft:creeper":4,"minecraft:sheep":9,"minecraft:stray":16,"born_in_chaos_v1:siamese_skeletonsleft":1,"enemyexpansion:wasp":1,"minecraft:vex":1,"alexsmobs:tasmanian_devil":2,"enemyexpansion:direwolf":9,"born_in_chaos_v1:zombie_bruiser":1,"born_in_chaos_v1:maggot":17,"iceandfire:fire_dragon":1,"minecraft:drowned":2,"alexsmobs:bison":2,"enemyexpansion:goblin":1,"alexsmobs:flying_fish":2,"mowziesmobs:umvuthana":2,"born_in_chaos_v1:fallen_chaos_knight":1,"born_in_chaos_v1:baby_skeleton":5,"alexsmobs:skunk":1,"born_in_chaos_v1:swarmer":1,"born_in_chaos_v1:bonescaller_not_despawn":3,"enemyexpansion:slugger":1},"minecraft:picked_up":{"minecraft:iron_chestplate":1,"minecraft:flower_pot":4,"artifacts:bunny_hoppers":4,"minecraft:smithing_table":1,"minecraft:enchanted_book":3,"minecraft:golden_shovel":2,"minecraft:polished_blackstone_brick_stairs":3,"minecraft:string":67,"minecraft:gold_nugget":24,"minecraft:cobbled_deepslate":391,"bosses_of_mass_destruction:soul_star":2,"celestisynth:lunar_stone":10,"minecraft:spruce_planks":13,"minecraft:waxed_exposed_cut_copper":2,"minecraft:acacia_sign":3,"minecraft:melon_slice":42,"minecraft:golden_helmet":2,"born_in_chaos_v1:shattered_skull":3,"minecraft:jukebox":1,"minecraft:composter":2,"iceandfire:lightning_dragon_flesh":13,"minecraft:lightning_rod":3,"epicpaladins:moonlight_gem":4,"irons_spellbooks:fire_rune":1,"alexsmobs:centipede_leg":2,"minecraft:cauldron":1,"farmersdelight:onion":12,"iceandfire:fire_dragon_heart":1,"farmersdelight:rope":18,"epicfight:stray_robe":1,"minecraft:iron_bars":4,"minecraft:snowball":29,"alexsmobs:flying_fish":3,"minecraft:birch_log":6,"minecraft:magma_block":3,"minecraft:feather":14,"minecraft:cooked_beef":23,"farmersdelight:rice":1,"born_in_chaos_v1:spiritual_dust":10,"minecraft:water_bucket":2,"alexsmobs:bison_fur":1,"born_in_chaos_v1:black_argillite_button":5,"born_in_chaos_v1:marigolds":2,"irons_spellbooks:iron_spell_book":1,"minecraft:chipped_anvil":1,"minecraft:moss_block":1,"born_in_chaos_v1:mint_candy":5,"iceandfire:dragon_skull_fire":2,"iceandfire:lightning_dragon_heart":1,"minecraft:fermented_spider_eye":7,"minecraft:trapped_chest":3,"minecraft:dark_oak_log":3,"minecraft:bundle":2,"minecraft:granite":16,"minecraft:bread":61,"born_in_chaos_v1:rotten_fish":2,"minecraft:light_gray_carpet":3,"minecraft:dark_oak_fence":3,"minecraft:crimson_roots":3,"iceandfire:raw_silver":7,"minecraft:diamond_pickaxe":3,"iceandfire:dragon_skull_lightning":1,"minecraft:crafting_table":3,"born_in_chaos_v1:seedof_chaos":2,"minecraft:red_bed":1,"epicfight:stray_hat":1,"born_in_chaos_v1:intoxicating_decoction":2,"minecraft:white_carpet":15,"minecraft:iron_shovel":1,"iceandfire:ghost_ingot":1,"minecraft:beef":54,"minecraft:poppy":4,"minecraft:spruce_slab":14,"minecraft:chest":5,"minecraft:egg":15,"minecraft:sandstone":25,"minecraft:spruce_fence":1,"farmersdelight:tomato_seeds":11,"born_in_chaos_v1:pieceofdarkmetal":14,"minecraft:carrot":20,"minecraft:redstone":7,"minecraft:tnt":1,"mowziesmobs:umvuthana_mask_faith":2,"minecraft:polished_granite_stairs":1,"minecraft:diamond_chestplate":3,"call_of_yucutan:chili_pepper_seeds":6,"minecraft:hay_block":27,"tombstone:essence_of_undeath":1,"mowziesmobs:umvuthana_mask_bliss":1,"born_in_chaos_v1:spiny_shell":2,"minecraft:gold_ingot":4,"minecraft:glow_berries":107,"minecraft:mutton":15,"minecraft:bone_block":70,"minecraft:white_wool":15,"minecraft:rail":1,"minecraft:stripped_oak_log":2,"minecraft:mud_bricks":14,"minecraft:tripwire_hook":4,"travelersbackpack:red_sleeping_bag":2,"minecraft:red_mushroom":1,"irons_spellbooks:silver_ring":2,"minecraft:packed_mud":11,"minecraft:oak_log":27,"minecraft:golden_boots":1,"epicpaladins:bloodstone_sword":1,"minecraft:paper":15,"tombstone:gift":3,"mowziesmobs:umvuthana_mask_rage":1,"minecraft:stone_bricks":3,"minecraft:apple":2,"farmersdelight:cooking_pot":2,"travelersbackpack:cake":1,"born_in_chaos_v1:smoked_flesh":10,"minecraft:cobweb":25,"tombstone:bag_of_seeds":3,"minecraft:glass_bottle":10,"minecraft:gray_bed":2,"minecraft:dark_oak_stairs":1,"iceandfire:copper_nugget":22,"minecraft:dark_oak_slab":6,"born_in_chaos_v1:orbofthe_summoner":1,"born_in_chaos_v1:ethereal_spirit":9,"minecraft:torchflower_seeds":1,"minecraft:gravel":12,"minecraft:leather_helmet":2,"iceandfire:dragonscales_copper":9,"travelersbackpack:standard":2,"minecraft:slime_ball":1,"born_in_chaos_v1:black_argillite_brick_slab":2,"minecraft:diamond_axe":1,"minecraft:lodestone":1,"minecraft:baked_potato":1,"irons_spellbooks:scroll":9,"minecraft:wheat":7,"minecraft:potion":2,"born_in_chaos_v1:bloody_gadfly_eye":1,"tombstone:grave_key":2,"born_in_chaos_v1:black_argillite":46,"minecraft:raw_copper":12,"minecraft:iron_leggings":1,"epicpaladins:bloodstone_gem":15,"irons_spellbooks:arcane_essence":46,"minecraft:bucket":1,"minecraft:rose_bush":3,"minecraft:iron_pickaxe":1,"alexsmobs:raccoon_tail":1,"born_in_chaos_v1:stimulating_decoction":3,"irons_spellbooks:inscription_table":3,"minecraft:iron_boots":4,"minecraft:furnace":2,"minecraft:tipped_arrow":8,"minecraft:stick":23,"epicpaladins:arclight_gem":2,"minecraft:oak_fence":3,"minecraft:torch":1,"epicpaladins:moonlight_sword":2,"minecraft:spruce_stairs":7,"epicfight:skillbook":14,"minecraft:porkchop":10,"iceandfire:crackled_gravel":1,"tombstone:grave_dust":24,"minecraft:diorite":12,"epicpaladins:cryorium_gem":12,"minecraft:rotten_flesh":114,"irons_spellbooks:arcane_debris":2,"minecraft:obsidian":4,"minecraft:cobblestone":210,"epicfight:stone_spear":3,"minecraft:lilac":3,"minecraft:andesite":19,"minecraft:potato":7,"alexsmobs:bear_fur":1,"paraglider:spirit_orb":56,"minecraft:magenta_dye":6,"alexscaves:cave_book":1,"minecraft:tuff":52,"minecraft:lapis_lazuli":69,"minecraft:dirt":95,"iceandfire:dragonscales_bronze":5,"minecraft:polished_granite":2,"minecraft:glass":27,"minecraft:bone":88,"minecraft:bow":5,"minecraft:wheat_seeds":43,"minecraft:raw_gold":16,"minecraft:mossy_stone_bricks":2,"minecraft:cyan_candle":3,"minecraft:oak_planks":15,"minecraft:black_terracotta":1,"irons_spellbooks:frozen_bone":60,"minecraft:cooked_porkchop":1,"minecraft:sand":84,"minecraft:dead_bush":1,"minecraft:spectral_arrow":16,"minecraft:dark_prismarine_slab":2,"minecraft:sugar":22,"born_in_chaos_v1:fire_dust":4,"minecraft:diamond":22,"waystones:waystone":3,"minecraft:cracked_polished_blackstone_bricks":4,"minecraft:bone_meal":2,"minecraft:white_concrete":1,"minecraft:emerald":19,"iceandfire:silver_nugget":32,"minecraft:oak_sapling":5,"minecraft:netherrack":127,"minecraft:lingering_potion":1,"minecraft:cocoa_beans":4,"minecraft:charcoal":1,"minecraft:waxed_oxidized_cut_copper":2,"born_in_chaos_v1:diamond_termite_shard":5,"minecraft:allium":1,"artifacts:night_vision_goggles":1,"minecraft:chicken":3,"minecraft:ladder":1,"minecraft:brown_mushroom":3,"minecraft:wooden_pickaxe":1,"minecraft:cooked_rabbit":2,"minecraft:gold_block":5,"epicpaladins:bloodstone_pickaxe":4,"minecraft:chain":6,"minecraft:oak_trapdoor":2,"minecraft:stone_stairs":1,"minecraft:iron_axe":2,"minecraft:blackstone":68,"minecraft:player_head":24,"minecraft:spruce_trapdoor":1,"minecraft:raw_iron":108,"iceandfire:dragonbone":33,"minecraft:note_block":12,"minecraft:polished_blackstone_bricks":28,"minecraft:dark_oak_planks":28,"minecraft:arrow":70,"minecraft:weeping_vines":4,"artifacts:cowboy_hat":1,"alexscaves:spelunkery_table":1,"minecraft:glistering_melon_slice":3,"born_in_chaos_v1:fused_bone":4,"born_in_chaos_v1:corpse_maggot":53,"minecraft:golden_carrot":1,"minecraft:salmon":2,"minecraft:leather":37,"minecraft:birch_planks":31,"minecraft:mushroom_stew":1,"iceandfire:ectoplasm":3,"minecraft:gunpowder":32,"minecraft:cooked_mutton":1,"minecraft:smooth_sandstone":15,"minecraft:red_carpet":34,"minecraft:iron_ingot":37,"born_in_chaos_v1:chipped_black_argillite_brick":2,"minecraft:cooked_chicken":2,"minecraft:stripped_oak_wood":4,"iceandfire:fire_dragon_flesh":3,"mowziesmobs:umvuthana_mask_misery":1,"minecraft:book":82,"minecraft:oak_slab":7,"minecraft:stone_brick_slab":2,"iceandfire:ash":3,"minecraft:dandelion":2,"minecraft:raw_iron_block":1,"minecraft:amethyst_shard":12,"mowziesmobs:wrought_helmet":2,"minecraft:red_banner":1,"minecraft:blast_furnace":1,"minecraft:white_bed":1,"minecraft:spruce_door":1,"minecraft:spider_eye":22,"minecraft:pumpkin_seeds":8,"tombstone:magic_scroll":3,"minecraft:damaged_anvil":2,"minecraft:black_wool":3,"minecraft:coal":110},"minecraft:crafted":{"travelersbackpack:diamond":1,"irons_spellbooks:fire_ale":1,"minecraft:cooked_mutton":14,"minecraft:glass":40,"minecraft:magenta_dye":6,"irons_spellbooks:scroll":1,"travelersbackpack:standard":2,"travelersbackpack:red_sleeping_bag":1,"born_in_chaos_v1:smoked_flesh":52,"minecraft:iron_pickaxe":1,"minecraft:gold_ingot":80,"epicfight:diamond_greatsword":2,"minecraft:bone_meal":136,"minecraft:stone_pickaxe":1,"minecraft:diamond_boots":1,"minecraft:spruce_boat":1,"minecraft:wheat":211,"minecraft:iron_shovel":1,"minecraft:iron_leggings":2,"minecraft:oak_planks":108,"irons_spellbooks:iron_spell_book":2,"minecraft:iron_boots":2,"minecraft:chest":5,"minecraft:golden_boots":1,"minecraft:crafting_table":12,"minecraft:wooden_pickaxe":1,"minecraft:iron_helmet":2,"minecraft:red_wool":2,"minecraft:birch_planks":12,"iceandfire:armor_copper_leggings":1,"minecraft:iron_chestplate":2,"minecraft:stick":36,"minecraft:iron_ingot":45,"minecraft:shears":2,"minecraft:raw_iron":9,"minecraft:furnace":5,"epicpaladins:bloodstone_sword":1,"minecraft:iron_axe":1,"epicfight:iron_greatsword":1,"minecraft:cooked_beef":20,"minecraft:red_dye":4,"minecraft:cooked_cod":10,"travelersbackpack:backpack_tank":4,"minecraft:iron_sword":2,"minecraft:golden_shovel":3,"minecraft:bucket":1,"born_in_chaos_v1:bone_heart":2,"born_in_chaos_v1:scorched_planks":4,"minecraft:bread":76,"minecraft:air":0,"epicpaladins:bloodstone_pickaxe":2},"minecraft:broken":{"minecraft:golden_boots":1,"iceandfire:armor_copper_leggings":1,"minecraft:iron_boots":1,"minecraft:iron_leggings":1,"minecraft:iron_axe":3,"minecraft:iron_pickaxe":1,"minecraft:golden_helmet":1,"minecraft:stone_pickaxe":1,"minecraft:diamond_chestplate":1}},"DataVersion":3465}