{"stats":{"minecraft:used":{"minecraft:beetroot":8,"call_of_yucutan:flint_spear":169,"minecraft:flint_and_steel":9,"minecraft:stone_shovel":103,"minecraft:iron_chestplate":1,"minecraft:dirt":10,"minecraft:stone_brick_stairs":1,"minecraft:golden_carrot":2,"minecraft:furnace":4,"tombstone:gift":2,"minecraft:cooked_beef":4,"minecraft:stone_pickaxe":132,"minecraft:wooden_pickaxe":12,"minecraft:crafting_table":5,"call_of_yucutan:silex_tecpatl":71,"iceandfire:armor_copper_metal_chestplate":1,"iceandfire:copper_shovel":2,"minecraft:iron_pickaxe":20,"minecraft:gravel":50,"minecraft:stone_axe":68,"minecraft:cobblestone":34,"travelersbackpack:standard":1,"minecraft:cooked_porkchop":17,"minecraft:porkchop":2,"minecraft:experience_bottle":3},"minecraft:picked_up":{"minecraft:charcoal":2,"minecraft:crafting_table":4,"minecraft:wheat":6,"minecraft:chainmail_boots":1,"born_in_chaos_v1:river_mint":2,"iceandfire:armor_copper_metal_chestplate":3,"minecraft:wooden_pickaxe":1,"minecraft:brown_bed":1,"minecraft:wither_rose":1,"minecraft:stone_brick_stairs":1,"minecraft:chain":2,"iceandfire:manuscript":3,"born_in_chaos_v1:intoxicating_decoction":2,"minecraft:string":2,"minecraft:raw_copper":40,"call_of_yucutan:silex_tecpatl":1,"minecraft:iron_leggings":1,"minecraft:cracked_stone_bricks":1,"irons_spellbooks:arcane_essence":1,"iceandfire:graveyard_soil":2,"minecraft:gold_nugget":4,"minecraft:beef":6,"alexsmobs:raccoon_tail":1,"irons_spellbooks:inscription_table":1,"minecraft:furnace":6,"minecraft:stick":5,"minecraft:raw_iron":6,"minecraft:orange_dye":1,"iceandfire:ghost_chest":1,"iceandfire:armor_copper_metal_leggings":1,"minecraft:copper_ingot":5,"minecraft:note_block":2,"minecraft:porkchop":21,"minecraft:lightning_rod":2,"tombstone:grave_dust":5,"iceandfire:armor_copper_metal_boots":1,"minecraft:arrow":1,"iceandfire:silver_ingot":8,"minecraft:stone_shovel":1,"minecraft:rotten_flesh":23,"minecraft:gold_ingot":2,"minecraft:iron_bars":1,"minecraft:cobblestone":88,"born_in_chaos_v1:monster_flesh":1,"minecraft:jungle_log":2,"call_of_yucutan:flint_spear":1,"minecraft:leather":6,"paraglider:spirit_orb":2,"minecraft:flint":6,"minecraft:oak_log":9,"iceandfire:ectoplasm":6,"iceandfire:armor_copper_metal_helmet":2,"minecraft:gunpowder":1,"minecraft:dirt":14,"born_in_chaos_v1:marigolds":1,"minecraft:bone":4,"minecraft:stone_bricks":1,"minecraft:bow":1,"minecraft:wheat_seeds":5,"minecraft:iron_ingot":7,"minecraft:stone_pickaxe":1,"minecraft:cobweb":9,"tombstone:bag_of_seeds":1,"minecraft:iron_sword":1,"minecraft:oak_planks":3,"minecraft:book":6,"iceandfire:copper_nugget":18,"minecraft:emerald_block":1,"minecraft:cooked_porkchop":1,"minecraft:gravel":161,"minecraft:blast_furnace":2,"minecraft:dark_oak_log":1,"minecraft:barrel":3,"alexsmobs:animal_dictionary":1,"warden_curse:sekirobook":1,"iceandfire:copper_shovel":1,"minecraft:stone_axe":1,"irons_spellbooks:invisibility_ring":1,"minecraft:emerald":3,"minecraft:oak_sapling":5,"irons_spellbooks:uncommon_ink":1,"minecraft:coal":147,"iceandfire:raw_silver":1},"minecraft:custom":{"minecraft:mob_kills":59,"minecraft:interact_with_crafting_table":23,"minecraft:open_barrel":7,"minecraft:damage_dealt_resisted":211,"minecraft:leave_game":1,"minecraft:time_since_death":37575,"minecraft:climb_one_cm":4827,"minecraft:sprint_one_cm":326730,"minecraft:walk_one_cm":305768,"minecraft:drop":76,"minecraft:play_noteblock":3,"minecraft:damage_dealt_absorbed":75,"minecraft:play_time":71779,"minecraft:deaths":4,"minecraft:sneak_time":3713,"minecraft:walk_under_water_one_cm":9261,"minecraft:jump":1270,"minecraft:interact_with_blast_furnace":3,"minecraft:walk_on_water_one_cm":20421,"minecraft:total_world_time":71779,"minecraft:interact_with_furnace":28,"tombstone:raider_killed":3,"minecraft:tune_noteblock":9,"minecraft:time_since_rest":36948,"minecraft:damage_taken":3186,"minecraft:damage_dealt":10101,"minecraft:swim_one_cm":12352,"minecraft:fly_one_cm":464607,"minecraft:open_chest":13,"minecraft:crouch_one_cm":21049,"tombstone:undead_killed":30,"minecraft:fall_one_cm":32261},"minecraft:killed":{"born_in_chaos_v1:zombie_clown":1,"irons_spellbooks:summoned_zombie":3,"born_in_chaos_v1:zombie_lumberjack":1,"alexsmobs:raccoon":1,"enemyexpansion:equestrian":1,"minecraft:vindicator":1,"enemyexpansion:direwolf":4,"born_in_chaos_v1:maggot":1,"minecraft:bee":3,"irons_spellbooks:summoned_skeleton":1,"born_in_chaos_v1:spirit_guide":1,"minecraft:pig":11,"born_in_chaos_v1:spirit_guide_assistant":10,"irons_spellbooks:necromancer":1,"born_in_chaos_v1:decrepit_skeleton":1,"minecraft:pillager":2,"enemyexpansion:meature":2,"minecraft:zombie":4,"iceandfire:ghost":3,"born_in_chaos_v1:dread_hound":1,"enemyexpansion:huntsman":1,"minecraft:cow":4},"minecraft:mined":{"minecraft:mossy_cobblestone":1,"iceandfire:silver_ore":1,"minecraft:cobblestone_stairs":1,"minecraft:granite":2,"minecraft:grass_block":6,"minecraft:jungle_log":1,"minecraft:spawner":1,"minecraft:furnace":5,"minecraft:barrel":3,"minecraft:fire":9,"minecraft:iron_ore":6,"minecraft:brown_bed":1,"minecraft:bookshelf":2,"minecraft:vine":1,"minecraft:iron_bars":1,"irons_spellbooks:inscription_table":1,"minecraft:stone":75,"born_in_chaos_v1:marigolds":1,"minecraft:crafting_table":3,"minecraft:note_block":2,"minecraft:blast_furnace":3,"iceandfire:ghost_chest":1,"minecraft:campfire":1,"minecraft:tall_grass":7,"minecraft:copper_ore":10,"minecraft:cobblestone":4,"minecraft:bricks":1,"minecraft:lilac":1,"born_in_chaos_v1:river_mint":1,"minecraft:wither_rose":1,"minecraft:stone_brick_stairs":2,"minecraft:grass":21,"minecraft:oak_log":9,"minecraft:coal_ore":37,"minecraft:gravel":103,"minecraft:dirt":8,"minecraft:cobweb":2,"minecraft:cracked_stone_bricks":2,"minecraft:stone_bricks":4,"minecraft:oak_leaves":32,"minecraft:emerald_block":1},"minecraft:crafted":{"minecraft:oak_planks":36,"minecraft:stone_shovel":1,"minecraft:lightning_rod":2,"minecraft:furnace":1,"iceandfire:armor_copper_metal_leggings":1,"iceandfire:copper_nugget":9,"minecraft:flint_and_steel":1,"iceandfire:armor_copper_metal_helmet":1,"iceandfire:armor_copper_metal_boots":1,"iceandfire:copper_shovel":1,"call_of_yucutan:flint_spear":1,"minecraft:stone_pickaxe":1,"iceandfire:armor_copper_metal_chestplate":1,"call_of_yucutan:silex_tecpatl":1,"minecraft:cooked_beef":6,"minecraft:cooked_porkchop":17,"minecraft:crafting_table":3,"minecraft:wooden_pickaxe":1,"minecraft:copper_ingot":37,"minecraft:stone_axe":1,"minecraft:orange_dye":1,"minecraft:air":0,"minecraft:iron_chestplate":1,"minecraft:stick":16,"minecraft:iron_pickaxe":1,"minecraft:iron_ingot":1,"securitycraft:sc_manual":1},"minecraft:broken":{"call_of_yucutan:flint_spear":1,"minecraft:stone_pickaxe":1},"minecraft:dropped":{"minecraft:iron_ingot":2,"iceandfire:raw_silver":1,"minecraft:wheat_seeds":2,"minecraft:orange_dye":2,"minecraft:crafting_table":1,"minecraft:cooked_porkchop":1,"iceandfire:armor_copper_metal_chestplate":3,"minecraft:cobblestone":11,"call_of_yucutan:silex_tecpatl":1,"iceandfire:ectoplasm":3,"minecraft:copper_ingot":5,"minecraft:coal":32,"iceandfire:graveyard_soil":2,"minecraft:stick":3,"minecraft:cobweb":1,"born_in_chaos_v1:river_mint":1,"iceandfire:copper_nugget":27,"iceandfire:armor_copper_metal_boots":2,"tombstone:grave_dust":3,"warden_curse:sekirobook":1,"minecraft:chain":2,"minecraft:gold_nugget":8,"minecraft:wither_rose":1,"minecraft:gold_ingot":4,"minecraft:bone":2,"minecraft:gravel":67,"minecraft:note_block":2,"minecraft:furnace":1,"minecraft:stone_axe":1,"alexsmobs:animal_dictionary":1,"minecraft:raw_copper":2,"minecraft:wheat":12,"minecraft:stone_shovel":2,"minecraft:rotten_flesh":10,"minecraft:oak_planks":4,"iceandfire:armor_copper_metal_helmet":2,"iceandfire:copper_shovel":2,"minecraft:lightning_rod":2,"call_of_yucutan:flint_spear":1,"iceandfire:ghost_chest":1,"iceandfire:silver_ingot":4,"minecraft:oak_sapling":5,"minecraft:brown_bed":1,"minecraft:stone_bricks":1,"minecraft:wooden_pickaxe":2,"minecraft:stone_pickaxe":1,"iceandfire:armor_copper_metal_leggings":2,"iceandfire:manuscript":3}},"DataVersion":3465}