{"stats":{"minecraft:used":{"minecraft:beetroot":3,"call_of_yucutan:flint_spear":63,"minecraft:flint_and_steel":4,"minecraft:stone_shovel":84,"minecraft:dirt":10,"minecraft:stone_brick_stairs":1,"minecraft:golden_carrot":2,"minecraft:furnace":2,"tombstone:gift":2,"minecraft:stone_pickaxe":129,"minecraft:wooden_pickaxe":12,"minecraft:crafting_table":3,"call_of_yucutan:silex_tecpatl":19,"iceandfire:armor_copper_metal_chestplate":1,"iceandfire:copper_shovel":2,"minecraft:gravel":25,"minecraft:stone_axe":25,"minecraft:cobblestone":34,"minecraft:porkchop":2},"minecraft:picked_up":{"minecraft:charcoal":2,"minecraft:crafting_table":3,"minecraft:chainmail_boots":1,"born_in_chaos_v1:river_mint":2,"iceandfire:armor_copper_metal_chestplate":1,"minecraft:wooden_pickaxe":1,"minecraft:brown_bed":1,"minecraft:wither_rose":1,"minecraft:stone_brick_stairs":1,"minecraft:chain":2,"iceandfire:manuscript":3,"minecraft:raw_copper":40,"call_of_yucutan:silex_tecpatl":1,"minecraft:iron_leggings":1,"iceandfire:graveyard_soil":2,"minecraft:gold_nugget":4,"minecraft:beef":6,"alexsmobs:raccoon_tail":1,"minecraft:furnace":3,"minecraft:stick":3,"minecraft:raw_iron":6,"minecraft:orange_dye":1,"iceandfire:ghost_chest":1,"iceandfire:armor_copper_metal_leggings":1,"minecraft:copper_ingot":5,"minecraft:note_block":2,"minecraft:porkchop":17,"minecraft:lightning_rod":2,"tombstone:grave_dust":2,"iceandfire:armor_copper_metal_boots":1,"iceandfire:silver_ingot":8,"minecraft:stone_shovel":1,"minecraft:rotten_flesh":9,"minecraft:iron_bars":1,"minecraft:cobblestone":86,"call_of_yucutan:flint_spear":1,"minecraft:leather":6,"minecraft:flint":6,"minecraft:oak_log":5,"iceandfire:ectoplasm":4,"iceandfire:armor_copper_metal_helmet":1,"minecraft:gunpowder":1,"minecraft:dirt":10,"born_in_chaos_v1:marigolds":1,"minecraft:bone":2,"minecraft:stone_bricks":1,"minecraft:wheat_seeds":4,"minecraft:stone_pickaxe":1,"minecraft:cobweb":1,"minecraft:oak_planks":3,"minecraft:book":6,"iceandfire:copper_nugget":18,"minecraft:gravel":148,"alexsmobs:animal_dictionary":1,"warden_curse:sekirobook":1,"iceandfire:copper_shovel":1,"minecraft:stone_axe":1,"minecraft:oak_sapling":5,"minecraft:coal":89},"minecraft:custom":{"minecraft:mob_kills":19,"minecraft:interact_with_crafting_table":20,"minecraft:time_since_death":7462,"minecraft:climb_one_cm":4327,"minecraft:sprint_one_cm":164308,"minecraft:walk_one_cm":138445,"minecraft:drop":61,"minecraft:play_noteblock":3,"minecraft:play_time":41666,"minecraft:deaths":4,"minecraft:sneak_time":1644,"minecraft:walk_under_water_one_cm":4409,"minecraft:jump":788,"minecraft:walk_on_water_one_cm":12941,"minecraft:total_world_time":41666,"minecraft:interact_with_furnace":16,"minecraft:tune_noteblock":9,"minecraft:time_since_rest":6835,"minecraft:damage_taken":1482,"minecraft:damage_dealt":2267,"minecraft:swim_one_cm":12352,"minecraft:fly_one_cm":222794,"minecraft:open_chest":2,"minecraft:crouch_one_cm":8600,"tombstone:undead_killed":1,"minecraft:fall_one_cm":21563},"minecraft:killed":{"alexsmobs:raccoon":1,"enemyexpansion:direwolf":3,"minecraft:pig":9,"iceandfire:ghost":1,"minecraft:cow":4},"minecraft:mined":{"minecraft:cobblestone_stairs":1,"minecraft:grass_block":4,"minecraft:jungle_log":1,"minecraft:furnace":2,"minecraft:fire":4,"minecraft:iron_ore":6,"minecraft:brown_bed":1,"minecraft:bookshelf":2,"minecraft:vine":1,"minecraft:iron_bars":1,"minecraft:stone":74,"born_in_chaos_v1:marigolds":1,"minecraft:crafting_table":2,"minecraft:note_block":2,"iceandfire:ghost_chest":1,"minecraft:campfire":1,"minecraft:tall_grass":6,"minecraft:copper_ore":10,"minecraft:cobblestone":1,"minecraft:bricks":1,"minecraft:lilac":1,"born_in_chaos_v1:river_mint":1,"minecraft:wither_rose":1,"minecraft:stone_brick_stairs":1,"minecraft:grass":11,"minecraft:oak_log":5,"minecraft:coal_ore":37,"minecraft:gravel":88,"minecraft:dirt":6,"minecraft:stone_bricks":1,"minecraft:oak_leaves":27},"minecraft:crafted":{"minecraft:oak_planks":20,"minecraft:stone_shovel":1,"minecraft:lightning_rod":2,"minecraft:furnace":1,"iceandfire:armor_copper_metal_leggings":1,"iceandfire:copper_nugget":9,"minecraft:flint_and_steel":1,"iceandfire:armor_copper_metal_helmet":1,"iceandfire:armor_copper_metal_boots":1,"iceandfire:copper_shovel":1,"call_of_yucutan:flint_spear":1,"minecraft:stone_pickaxe":1,"iceandfire:armor_copper_metal_chestplate":1,"call_of_yucutan:silex_tecpatl":1,"minecraft:crafting_table":2,"minecraft:wooden_pickaxe":1,"minecraft:copper_ingot":37,"minecraft:stone_axe":1,"minecraft:orange_dye":1,"minecraft:air":0,"minecraft:stick":16,"minecraft:iron_ingot":1,"securitycraft:sc_manual":1},"minecraft:dropped":{"minecraft:wheat_seeds":2,"minecraft:orange_dye":2,"minecraft:crafting_table":1,"iceandfire:armor_copper_metal_chestplate":1,"minecraft:cobblestone":11,"call_of_yucutan:silex_tecpatl":1,"iceandfire:ectoplasm":3,"minecraft:copper_ingot":5,"minecraft:coal":32,"iceandfire:graveyard_soil":2,"minecraft:stick":3,"minecraft:cobweb":1,"born_in_chaos_v1:river_mint":1,"iceandfire:copper_nugget":27,"iceandfire:armor_copper_metal_boots":2,"tombstone:grave_dust":3,"warden_curse:sekirobook":1,"minecraft:chain":2,"minecraft:gold_nugget":8,"minecraft:gold_ingot":2,"minecraft:bone":2,"minecraft:gravel":67,"minecraft:note_block":2,"minecraft:furnace":1,"minecraft:stone_axe":1,"alexsmobs:animal_dictionary":1,"minecraft:raw_copper":2,"minecraft:stone_shovel":1,"minecraft:rotten_flesh":9,"minecraft:oak_planks":4,"iceandfire:armor_copper_metal_helmet":1,"iceandfire:copper_shovel":1,"minecraft:lightning_rod":2,"call_of_yucutan:flint_spear":1,"iceandfire:ghost_chest":1,"iceandfire:silver_ingot":4,"minecraft:oak_sapling":4,"minecraft:brown_bed":1,"minecraft:stone_bricks":1,"minecraft:wooden_pickaxe":1,"minecraft:stone_pickaxe":1,"iceandfire:armor_copper_metal_leggings":2,"iceandfire:manuscript":3}},"DataVersion":3465}