{"stats":{"minecraft:killed_by":{"minecraft:player":8,"born_in_chaos_v1:bloody_gadfly":1},"minecraft:used":{"irons_spellbooks:inscription_table":3,"minecraft:moss_block":1,"minecraft:polished_granite_stairs":1,"minecraft:spruce_slab":6,"minecraft:ladder":10,"minecraft:chest":8,"goblins_tyranny:shaman_skull":1,"minecraft:stone":1,"minecraft:rotten_flesh":1,"minecraft:soul_sand":2,"goblins_tyranny:goblin_spear":9,"goblins_tyranny:bottles":4,"born_in_chaos_v1:soul_cutlass":26,"minecraft:weeping_vines":2,"minecraft:spruce_boat":1,"born_in_chaos_v1:smoked_flesh":82,"minecraft:lava_bucket":11,"born_in_chaos_v1:mint_candy":5,"epicpaladins:moonlight_axe":228,"minecraft:dark_oak_slab":3,"minecraft:bow":62,"minecraft:oak_sapling":2,"minecraft:furnace":7,"minecraft:cooked_cod":4,"minecraft:egg":3,"minecraft:potato":38,"epicpaladins:moonlight_sword":315,"goblins_tyranny:goblins_tyranny_guide":1,"minecraft:diorite":1,"minecraft:damaged_anvil":2,"minecraft:spruce_door":1,"minecraft:blackstone":67,"minecraft:wooden_pickaxe":30,"goblins_tyranny:cow_stool":1,"minecraft:golden_apple":1,"irons_spellbooks:keeper_spawn_egg":1,"minecraft:glow_berries":183,"minecraft:sand":14,"minecraft:blast_furnace":1,"born_in_chaos_v1:holiday_candy":23,"iceandfire:lightning_dragon_flesh":2,"minecraft:polished_granite":1,"securitycraft:mine":1,"minecraft:fire_charge":4,"minecraft:smithing_table":2,"minecraft:dark_oak_fence":2,"minecraft:birch_log":15,"tombstone:scroll_of_lightning_resistance":2,"minecraft:light_gray_carpet":3,"securitycraft:remote_access_mine":2,"born_in_chaos_v1:fried_maggot":8,"minecraft:netherrack":32,"minecraft:golden_shovel":91,"minecraft:iron_axe":221,"minecraft:chicken_spawn_egg":2,"minecraft:mud_bricks":37,"warden_curse:az_spawn_egg":1,"minecraft:barrel":15,"minecraft:beef":2,"farmersdelight:cooking_pot":1,"tombstone:gift":14,"minecraft:trapped_chest":1,"goblins_tyranny:mug":9,"minecraft:cobbled_deepslate":315,"minecraft:golden_axe":49,"iceandfire:spawn_egg_hydra":1,"minecraft:water_bucket":175,"minecraft:birch_planks":4,"goblins_tyranny:plate":3,"minecraft:polished_blackstone_bricks":23,"minecraft:salmon":2,"minecraft:oak_slab":6,"minecraft:crafting_table":14,"minecraft:red_bed":1,"minecraft:white_bed":2,"minecraft:cod":1,"epicfight:stone_spear":6,"warden_curse:tenticlewarden_spawn_egg":2,"alexsmobs:flying_fish":3,"minecraft:diamond_pickaxe":251,"minecraft:iron_pickaxe":270,"alexscaves:extinction_spear":2,"born_in_chaos_v1:staffofthe_summoner":301,"tombstone:magic_scroll":1,"minecraft:leather_helmet":1,"minecraft:spruce_trapdoor":1,"minecraft:cobblestone":54,"travelersbackpack:standard":2,"goblins_tyranny:mushroom_pad":3,"minecraft:porkchop":9,"minecraft:cooked_porkchop":12,"minecraft:jukebox":1,"epicpaladins:bloodstone_pickaxe":787,"call_of_yucutan:golden_guard_spawn_egg":1,"minecraft:iron_shovel":7,"minecraft:bone_block":6,"minecraft:iron_sword":4,"minecraft:player_head":2,"minecraft:iron_chestplate":1,"minecraft:mutton":2,"minecraft:carrot":55,"minecraft:tuff":29,"minecraft:obsidian":7,"minecraft:glass":4,"born_in_chaos_v1:corpse_maggot":36,"mowziesmobs:umvuthana_mask_faith":1,"minecraft:lantern":1,"minecraft:packed_mud":11,"epicfight:diamond_greatsword":202,"minecraft:stone_bricks":1,"minecraft:brown_carpet":4,"minecraft:magma_block":1,"minecraft:hay_block":2,"born_in_chaos_v1:fel_lamp":1,"minecraft:gray_bed":3,"minecraft:dark_oak_stairs":1,"epicfight:skillbook":24,"minecraft:diamond_boots":1,"minecraft:birch_leaves":1,"minecraft:stone_pickaxe":131,"minecraft:oak_planks":6,"minecraft:sandstone":25,"minecraft:diamond_axe":287,"minecraft:white_wool":2,"alexscaves:cave_book":1,"minecraft:mushroom_stew":2,"minecraft:shears":23,"minecraft:black_terracotta":1,"waystones:waystone":3,"minecraft:melon_slice":37,"minecraft:bread":121,"tombstone:grave_key":1,"minecraft:gravel":5,"minecraft:golden_helmet":1,"iceandfire:dragon_skull_fire":2,"minecraft:cooked_rabbit":2,"minecraft:andesite":20,"minecraft:chain":1,"minecraft:bone_meal":138,"minecraft:golden_pickaxe":2,"minecraft:experience_bottle":2,"minecraft:rose_bush":1,"born_in_chaos_v1:black_argillite":39,"minecraft:cooked_chicken":2,"minecraft:dirt":48,"minecraft:white_carpet":15,"minecraft:spruce_stairs":7,"minecraft:granite":8,"mowziesmobs:wrought_helmet":1,"farmersdelight:rope":5,"minecraft:stone_brick_slab":2,"minecraft:dark_oak_planks":5,"minecraft:smooth_sandstone":4,"minecraft:polished_blackstone_brick_stairs":3,"minecraft:iron_boots":1,"alexscaves:spelunkery_table":1,"minecraft:golden_carrot":1,"goblins_tyranny:engineer_workbench":3,"minecraft:cooked_beef":31,"minecraft:cooked_mutton":12,"minecraft:baked_potato":5,"farmersdelight:onion":21,"minecraft:dark_prismarine_slab":1,"minecraft:smoker":1,"tombstone:bag_of_seeds":10,"celestisynth:lunar_stone":4,"minecraft:flower_pot":1,"minecraft:apple":1,"minecraft:cracked_polished_blackstone_bricks":5,"waystones:mossy_waystone":1,"iceandfire:ash":2,"iceandfire:spawn_egg_troll":1,"minecraft:bucket":819,"alexsmobs:animal_dictionary":2},"minecraft:crafted":{"born_in_chaos_v1:dark_charge":4,"travelersbackpack:diamond":4,"minecraft:cracked_stone_bricks":8,"irons_spellbooks:fire_ale":1,"minecraft:cooked_mutton":16,"minecraft:glass":79,"explorerscompass:explorerscompass":1,"minecraft:magenta_dye":6,"irons_spellbooks:scroll":1,"minecraft:cooked_porkchop":10,"travelersbackpack:standard":2,"minecraft:smithing_table":1,"travelersbackpack:red_sleeping_bag":1,"minecraft:compass":1,"born_in_chaos_v1:smoked_flesh":59,"minecraft:iron_pickaxe":1,"minecraft:gold_ingot":80,"epicfight:diamond_greatsword":2,"minecraft:bone_meal":136,"travelersbackpack:blank_upgrade":4,"travelersbackpack:gold_tier_upgrade":1,"minecraft:stone_pickaxe":1,"minecraft:diamond_boots":1,"minecraft:spruce_boat":1,"minecraft:dark_oak_planks":12,"minecraft:wheat":211,"minecraft:iron_shovel":1,"minecraft:iron_leggings":2,"minecraft:oak_planks":108,"irons_spellbooks:iron_spell_book":2,"minecraft:stone":12,"minecraft:iron_boots":2,"minecraft:chest":6,"minecraft:stone_bricks":8,"minecraft:golden_boots":1,"travelersbackpack:iron_tier_upgrade":1,"minecraft:crafting_table":12,"minecraft:wooden_pickaxe":1,"minecraft:iron_helmet":2,"minecraft:red_wool":2,"minecraft:birch_planks":12,"iceandfire:armor_copper_leggings":1,"born_in_chaos_v1:staffofthe_summoner":2,"minecraft:iron_chestplate":2,"minecraft:stick":40,"minecraft:iron_ingot":45,"minecraft:shears":2,"minecraft:raw_iron":9,"minecraft:furnace":5,"epicpaladins:bloodstone_sword":1,"born_in_chaos_v1:bone_handle":2,"minecraft:iron_axe":1,"born_in_chaos_v1:fried_maggot":8,"epicfight:iron_greatsword":1,"travelersbackpack:diamond_tier_upgrade":1,"minecraft:cooked_beef":20,"minecraft:red_dye":4,"minecraft:cooked_cod":10,"travelersbackpack:backpack_tank":6,"minecraft:iron_sword":2,"minecraft:golden_shovel":4,"minecraft:bucket":1,"born_in_chaos_v1:bone_heart":2,"born_in_chaos_v1:scorched_planks":4,"minecraft:bread":76,"minecraft:air":0,"epicpaladins:bloodstone_pickaxe":2},"minecraft:picked_up":{"minecraft:seagrass":3,"minecraft:iron_chestplate":1,"minecraft:flower_pot":4,"irons_spellbooks:affinity_ring":1,"artifacts:bunny_hoppers":4,"minecraft:smithing_table":1,"minecraft:enchanted_book":3,"minecraft:golden_shovel":2,"minecraft:polished_blackstone_brick_stairs":3,"minecraft:string":73,"minecraft:beetroot":3,"goblins_tyranny:totem_block":1,"minecraft:gold_nugget":24,"minecraft:cobbled_deepslate":407,"bosses_of_mass_destruction:soul_star":2,"celestisynth:lunar_stone":10,"minecraft:spruce_planks":13,"minecraft:waxed_exposed_cut_copper":2,"minecraft:acacia_sign":3,"minecraft:melon_slice":42,"minecraft:golden_helmet":2,"born_in_chaos_v1:shattered_skull":5,"minecraft:jukebox":1,"minecraft:composter":2,"iceandfire:lightning_dragon_flesh":13,"minecraft:lightning_rod":3,"epicpaladins:moonlight_gem":4,"irons_spellbooks:fire_rune":1,"alexsmobs:centipede_leg":2,"minecraft:cauldron":1,"minecraft:brown_carpet":4,"farmersdelight:onion":12,"iceandfire:fire_dragon_heart":3,"farmersdelight:rope":18,"epicfight:stray_robe":1,"minecraft:iron_bars":4,"minecraft:snowball":29,"alexsmobs:flying_fish":3,"minecraft:birch_log":18,"minecraft:magma_block":3,"minecraft:feather":14,"minecraft:cooked_beef":23,"farmersdelight:rice":1,"born_in_chaos_v1:spiritual_dust":12,"minecraft:water_bucket":2,"minecraft:smoker":1,"alexsmobs:bison_fur":1,"born_in_chaos_v1:black_argillite_button":5,"minecraft:lantern":1,"born_in_chaos_v1:marigolds":2,"irons_spellbooks:iron_spell_book":2,"minecraft:chipped_anvil":1,"goblins_tyranny:alarm_horn":1,"minecraft:rabbit":9,"minecraft:moss_block":1,"minecraft:pitcher_pod":2,"born_in_chaos_v1:mint_candy":5,"goblins_tyranny:bear_stool":1,"iceandfire:dragon_skull_fire":2,"iceandfire:lightning_dragon_heart":1,"minecraft:fermented_spider_eye":7,"minecraft:trapped_chest":3,"minecraft:dark_oak_log":3,"minecraft:barrel":12,"minecraft:bundle":3,"minecraft:granite":26,"minecraft:bread":61,"goblins_tyranny:plate":6,"iceandfire:troll_leather_forest":1,"born_in_chaos_v1:rotten_fish":4,"minecraft:light_gray_carpet":3,"goblins_tyranny:blazing_barrel":2,"minecraft:dark_oak_fence":5,"minecraft:crimson_roots":3,"iceandfire:raw_silver":7,"minecraft:diamond_pickaxe":3,"iceandfire:dragon_skull_lightning":1,"minecraft:crafting_table":3,"born_in_chaos_v1:seedof_chaos":8,"iceandfire:armor_green_leggings":1,"minecraft:red_bed":1,"epicfight:stray_hat":1,"born_in_chaos_v1:intoxicating_decoction":4,"minecraft:white_carpet":15,"minecraft:iron_shovel":1,"iceandfire:ghost_ingot":1,"minecraft:beef":65,"minecraft:poppy":4,"minecraft:spruce_slab":14,"minecraft:chest":6,"minecraft:egg":15,"minecraft:sandstone":25,"minecraft:spruce_fence":1,"farmersdelight:tomato_seeds":11,"born_in_chaos_v1:pieceofdarkmetal":23,"minecraft:carrot":20,"minecraft:redstone":7,"irons_spellbooks:evocation_rune":1,"minecraft:tnt":1,"mowziesmobs:umvuthana_mask_faith":2,"minecraft:polished_granite_stairs":1,"minecraft:diamond_chestplate":3,"minecraft:beetroot_seeds":14,"call_of_yucutan:chili_pepper_seeds":6,"minecraft:hay_block":74,"tombstone:essence_of_undeath":1,"mowziesmobs:umvuthana_mask_bliss":1,"born_in_chaos_v1:spiny_shell":2,"minecraft:gold_ingot":54,"goblins_tyranny:cow_hide":1,"minecraft:glow_berries":107,"minecraft:mutton":22,"minecraft:white_wool":16,"minecraft:bone_block":146,"minecraft:rail":1,"minecraft:stripped_oak_log":2,"minecraft:mud_bricks":14,"born_in_chaos_v1:pumpkin_staff":2,"minecraft:tripwire_hook":9,"travelersbackpack:red_sleeping_bag":2,"minecraft:red_mushroom":1,"irons_spellbooks:silver_ring":2,"minecraft:packed_mud":11,"minecraft:oak_log":27,"minecraft:golden_boots":1,"epicpaladins:bloodstone_sword":1,"minecraft:paper":15,"tombstone:gift":3,"goblins_tyranny:hut_logs":2,"born_in_chaos_v1:soul_cutlass":2,"mowziesmobs:umvuthana_mask_rage":1,"minecraft:stone_bricks":3,"minecraft:apple":2,"farmersdelight:cooking_pot":3,"travelersbackpack:cake":1,"born_in_chaos_v1:smoked_flesh":10,"minecraft:cobweb":81,"tombstone:bag_of_seeds":4,"iceandfire:armor_white_boots":1,"minecraft:glass_bottle":10,"minecraft:gray_bed":2,"minecraft:iron_sword":1,"minecraft:dark_oak_stairs":1,"iceandfire:copper_nugget":22,"enemyexpansion:phantom_eye":1,"minecraft:dark_oak_slab":6,"born_in_chaos_v1:orbofthe_summoner":3,"born_in_chaos_v1:ethereal_spirit":9,"minecraft:torchflower_seeds":1,"minecraft:gravel":15,"minecraft:leather_helmet":2,"iceandfire:dragonscales_copper":9,"travelersbackpack:standard":2,"goblins_tyranny:mushroom_pad":3,"goblins_tyranny:engineer_workbench":3,"goblins_tyranny:coin":80,"minecraft:slime_ball":1,"born_in_chaos_v1:black_argillite_brick_slab":2,"iceandfire:armor_white_chestplate":1,"minecraft:painting":2,"minecraft:diamond_axe":1,"iceandfire:ice_dragon_flesh":2,"minecraft:lodestone":1,"minecraft:baked_potato":1,"irons_spellbooks:scroll":20,"minecraft:wheat":7,"minecraft:redstone_block":4,"goblins_tyranny:mug":16,"minecraft:potion":2,"born_in_chaos_v1:bloody_gadfly_eye":1,"tombstone:grave_key":2,"born_in_chaos_v1:holiday_candy":31,"born_in_chaos_v1:black_argillite":46,"minecraft:raw_copper":14,"minecraft:iron_leggings":1,"epicpaladins:bloodstone_gem":15,"irons_spellbooks:arcane_essence":79,"minecraft:bucket":1,"goblins_tyranny:bear_hide":3,"minecraft:rose_bush":3,"goblins_tyranny:fire_bomb":3,"minecraft:iron_pickaxe":1,"alexsmobs:raccoon_tail":1,"born_in_chaos_v1:stimulating_decoction":3,"born_in_chaos_v1:smoldering_scorched_log":3,"irons_spellbooks:inscription_table":3,"minecraft:iron_boots":4,"minecraft:furnace":2,"minecraft:tipped_arrow":9,"minecraft:stick":25,"epicpaladins:arclight_gem":2,"minecraft:oak_fence":3,"minecraft:torch":1,"epicpaladins:moonlight_sword":2,"minecraft:spruce_stairs":7,"epicfight:skillbook":15,"minecraft:porkchop":14,"iceandfire:crackled_gravel":1,"tombstone:grave_dust":34,"minecraft:diorite":14,"goblins_tyranny:cow_stool":2,"epicpaladins:cryorium_gem":12,"minecraft:rotten_flesh":142,"goblins_tyranny:shaman_skull":1,"goblins_tyranny:deadly_barrel":2,"irons_spellbooks:arcane_debris":2,"iceandfire:armor_green_helmet":1,"minecraft:obsidian":4,"minecraft:cod":1,"minecraft:cobblestone":244,"epicfight:stone_spear":3,"minecraft:lilac":3,"minecraft:andesite":25,"minecraft:potato":8,"alexsmobs:bear_fur":1,"paraglider:spirit_orb":68,"minecraft:magenta_dye":6,"alexscaves:cave_book":1,"minecraft:tuff":52,"goblins_tyranny:goat_hide":1,"minecraft:lapis_lazuli":69,"minecraft:dirt":108,"iceandfire:dragonscales_bronze":5,"minecraft:polished_granite":2,"goblins_tyranny:hut_spike":1,"minecraft:glass":27,"minecraft:bone":100,"minecraft:bow":5,"minecraft:wheat_seeds":45,"minecraft:raw_gold":16,"minecraft:mossy_stone_bricks":2,"minecraft:cyan_candle":3,"minecraft:oak_planks":15,"goblins_tyranny:wolf_hide":2,"minecraft:black_terracotta":1,"irons_spellbooks:frozen_bone":60,"minecraft:cooked_porkchop":1,"minecraft:sand":130,"minecraft:dead_bush":1,"minecraft:spectral_arrow":16,"minecraft:mossy_cobblestone":1,"minecraft:dark_prismarine_slab":2,"minecraft:sugar":22,"born_in_chaos_v1:fire_dust":4,"minecraft:diamond":55,"waystones:waystone":3,"minecraft:cracked_polished_blackstone_bricks":4,"minecraft:bone_meal":2,"minecraft:white_concrete":1,"minecraft:emerald":19,"iceandfire:silver_nugget":32,"minecraft:oak_sapling":5,"minecraft:netherrack":127,"minecraft:lingering_potion":1,"minecraft:cocoa_beans":4,"minecraft:charcoal":3,"minecraft:waxed_oxidized_cut_copper":2,"born_in_chaos_v1:diamond_termite_shard":5,"minecraft:allium":1,"goblins_tyranny:blue_loincloth_chestplate":1,"artifacts:night_vision_goggles":1,"minecraft:chicken":5,"minecraft:ladder":1,"minecraft:brown_mushroom":5,"minecraft:wooden_pickaxe":1,"minecraft:cooked_rabbit":2,"minecraft:gold_block":5,"epicpaladins:bloodstone_pickaxe":6,"minecraft:chain":8,"goblins_tyranny:goblins_prototype_chestplate":1,"minecraft:oak_trapdoor":2,"minecraft:stone_stairs":1,"minecraft:iron_axe":2,"minecraft:blackstone":68,"irons_spellbooks:conjurers_talisman":1,"minecraft:player_head":24,"minecraft:phantom_membrane":1,"minecraft:spruce_trapdoor":1,"minecraft:raw_iron":108,"iceandfire:dragonbone":44,"minecraft:note_block":12,"minecraft:polished_blackstone_bricks":28,"minecraft:dark_oak_planks":30,"goblins_tyranny:goblins_meat":1,"minecraft:arrow":70,"minecraft:weeping_vines":4,"artifacts:cowboy_hat":1,"alexscaves:spelunkery_table":1,"goblins_tyranny:bottles":11,"minecraft:glistering_melon_slice":3,"born_in_chaos_v1:fused_bone":4,"born_in_chaos_v1:corpse_maggot":58,"minecraft:golden_carrot":1,"minecraft:salmon":2,"minecraft:leather":38,"minecraft:birch_planks":31,"minecraft:mushroom_stew":1,"iceandfire:ectoplasm":3,"minecraft:gunpowder":32,"irons_spellbooks:rare_ink":1,"epicpaladins:moonlight_axe":1,"minecraft:cooked_mutton":1,"minecraft:smooth_sandstone":15,"minecraft:red_carpet":34,"minecraft:iron_ingot":175,"born_in_chaos_v1:chipped_black_argillite_brick":2,"minecraft:cooked_chicken":2,"minecraft:stripped_oak_wood":4,"born_in_chaos_v1:fel_lamp":1,"iceandfire:fire_dragon_flesh":6,"mowziesmobs:umvuthana_mask_misery":1,"minecraft:book":82,"minecraft:oak_slab":7,"born_in_chaos_v1:death_totem":1,"minecraft:chiseled_stone_bricks":1,"minecraft:stone_brick_slab":2,"iceandfire:ash":3,"minecraft:dandelion":2,"minecraft:raw_iron_block":1,"minecraft:amethyst_shard":12,"mowziesmobs:wrought_helmet":2,"minecraft:red_banner":1,"minecraft:blast_furnace":1,"minecraft:white_bed":1,"goblins_tyranny:red_loincloth_chestplate":1,"minecraft:spruce_door":1,"minecraft:spider_eye":25,"minecraft:pumpkin_seeds":57,"goblins_tyranny:gaz_bomb":1,"tombstone:magic_scroll":4,"minecraft:damaged_anvil":2,"minecraft:black_wool":4,"minecraft:coal":153},"minecraft:broken":{"minecraft:golden_boots":1,"iceandfire:armor_copper_leggings":1,"minecraft:iron_boots":1,"minecraft:iron_leggings":1,"minecraft:iron_axe":3,"minecraft:iron_pickaxe":1,"minecraft:golden_helmet":1,"minecraft:golden_shovel":1,"minecraft:stone_pickaxe":1,"minecraft:diamond_boots":1,"minecraft:diamond_chestplate":1},"minecraft:mined":{"minecraft:dark_oak_planks":13,"minecraft:white_bed":1,"minecraft:black_terracotta":1,"minecraft:jungle_leaves":1,"goblins_tyranny:hut_logs":2,"goblins_tyranny:mugs":5,"minecraft:potted_crimson_fungus":1,"minecraft:obsidian":5,"minecraft:potted_dead_bush":1,"minecraft:granite":22,"born_in_chaos_v1:dark_metal_deposit":11,"minecraft:stone_brick_wall":1,"goblins_tyranny:podzol_path":2,"minecraft:chiseled_stone_bricks":1,"minecraft:spawner":29,"minecraft:polished_blackstone_bricks":12,"minecraft:weeping_vines_plant":2,"minecraft:magma_block":1,"goblins_tyranny:goblin_podzol":1,"minecraft:cobbled_deepslate":39,"minecraft:fire":6,"minecraft:barrel":20,"minecraft:deepslate_lapis_ore":6,"minecraft:cave_vines":3,"minecraft:player_head":5,"goblins_tyranny:shaman_skull":1,"minecraft:red_bed":1,"minecraft:smoker":1,"minecraft:amethyst_cluster":3,"minecraft:powder_snow":3,"minecraft:torch":1,"minecraft:note_block":11,"goblins_tyranny:liquor_bottles":2,"minecraft:blast_furnace":1,"minecraft:glass":2,"minecraft:damaged_anvil":2,"minecraft:bricks":3,"minecraft:amethyst_block":3,"minecraft:chain":3,"minecraft:lilac":4,"minecraft:jukebox":1,"celestisynth:lunar_stone":10,"born_in_chaos_v1:black_argillite_brick":1,"minecraft:stone_brick_stairs":2,"minecraft:grass":54,"goblins_tyranny:coins_2":2,"born_in_chaos_v1:infernal_evil_pumpkin_s":2,"minecraft:deepslate":242,"iceandfire:silver_ore":2,"minecraft:mossy_cobblestone":2,"goblins_tyranny:coins_5":1,"farmersdelight:wild_carrots":15,"goblins_tyranny:liquor_bottles_3":2,"minecraft:dark_oak_fence":4,"minecraft:allium":1,"minecraft:spruce_fence":2,"born_in_chaos_v1:black_argillite":43,"goblins_tyranny:coins_3":4,"epicpaladins:deepslate_arclight_ore":2,"farmersdelight:wild_onions":11,"minecraft:packed_mud":3,"minecraft:snow":1,"minecraft:andesite":20,"goblins_tyranny:mugs_2":5,"minecraft:cobblestone_slab":3,"minecraft:vine":5,"minecraft:rail":1,"irons_spellbooks:inscription_table":3,"minecraft:bone_block":78,"minecraft:white_wool":2,"minecraft:smithing_table":1,"minecraft:oak_slab":6,"goblins_tyranny:alarm_horn":1,"minecraft:glass_pane":2,"minecraft:brown_carpet":15,"minecraft:stone_brick_slab":2,"minecraft:smooth_sandstone":8,"goblins_tyranny:engineer_workbench_1":3,"minecraft:campfire":1,"minecraft:lightning_rod":3,"minecraft:tall_grass":11,"minecraft:deepslate_gold_ore":13,"minecraft:diorite":6,"minecraft:trapped_chest":1,"goblins_tyranny:plates_3":1,"minecraft:birch_leaves":8,"minecraft:dark_prismarine_slab":1,"goblins_tyranny:deadly_barrel":2,"minecraft:gravel":8,"minecraft:cobweb":26,"minecraft:stone_bricks":2,"minecraft:gold_ore":2,"travelersbackpack:cake":1,"minecraft:spruce_planks":14,"minecraft:cave_vines_plant":1,"minecraft:spruce_trapdoor":1,"minecraft:budding_amethyst":1,"minecraft:grass_block":12,"minecraft:cracked_polished_blackstone_bricks":1,"minecraft:white_concrete":1,"minecraft:mud_bricks":15,"minecraft:raw_iron_block":1,"minecraft:iron_ore":36,"goblins_tyranny:coin_barrel":5,"minecraft:dark_oak_stairs":1,"minecraft:iron_bars":2,"minecraft:purple_carpet":1,"minecraft:spruce_slab":10,"minecraft:blackstone":50,"goblins_tyranny:bear_stool":1,"minecraft:calcite":1,"minecraft:chest":6,"minecraft:cobblestone":46,"minecraft:oak_planks":14,"minecraft:deepslate_copper_ore":2,"minecraft:pink_petals":2,"minecraft:seagrass":1,"goblins_tyranny:hut_spike":1,"farmersdelight:sandy_shrub":2,"minecraft:dark_oak_slab":4,"minecraft:birch_log":17,"epicpaladins:deepslate_cryorium_ore":12,"born_in_chaos_v1:river_mint":1,"minecraft:stripped_oak_wood":4,"minecraft:tnt":1,"minecraft:oak_log":26,"minecraft:sand":116,"minecraft:dirt":31,"minecraft:tripwire_hook":3,"minecraft:netherrack":199,"minecraft:oak_leaves":38,"goblins_tyranny:goat_hide":1,"goblins_tyranny:blazing_barrel":2,"alexscaves:spelunkery_table":1,"minecraft:red_carpet":4,"minecraft:tuff":34,"minecraft:dark_oak_leaves":4,"minecraft:deepslate_diamond_ore":13,"goblins_tyranny:coins_4":6,"goblins_tyranny:mushroom_pad":3,"goblins_tyranny:coins_1":3,"minecraft:sandstone":5,"minecraft:hay_block":69,"minecraft:furnace":2,"goblins_tyranny:liquor_bottles_2":2,"minecraft:gold_block":6,"minecraft:bookshelf":3,"farmersdelight:rope":1,"minecraft:deepslate_iron_ore":72,"minecraft:lantern":1,"minecraft:stripped_oak_log":2,"irons_spellbooks:firefly_jar":1,"goblins_tyranny:plates":3,"minecraft:stone":156,"goblins_tyranny:engineer_workbench_2":1,"goblins_tyranny:cow_stool":2,"farmersdelight:cooking_pot":1,"minecraft:acacia_leaves":2,"epicpaladins:deepslate_bloodstone_ore":12,"minecraft:snow_block":5,"minecraft:crafting_table":2,"minecraft:oak_wood":1,"minecraft:rose_bush":4,"minecraft:deepslate_coal_ore":1,"born_in_chaos_v1:chipped_black_argillite_brick":3,"minecraft:lapis_ore":3,"minecraft:polished_blackstone_brick_stairs":1,"farmersdelight:wild_beetroots":10,"minecraft:spruce_stairs":9,"minecraft:gray_bed":2,"minecraft:coal_ore":71,"minecraft:flower_pot":1},"minecraft:dropped":{"minecraft:iron_sword":1,"iceandfire:raw_silver":6,"minecraft:porkchop":4,"minecraft:cooked_beef":7,"minecraft:glass_bottle":4,"minecraft:diamond":5,"minecraft:pitcher_pod":2,"minecraft:weeping_vines":2,"minecraft:glow_berries":2,"born_in_chaos_v1:pieceofdarkmetal":2,"minecraft:leather_helmet":3,"minecraft:red_mushroom":1,"minecraft:red_carpet":34,"born_in_chaos_v1:monster_flesh":1,"minecraft:dirt":7,"irons_spellbooks:silver_ring":1,"goblins_tyranny:red_loincloth_chestplate":1,"minecraft:chain":4,"minecraft:gold_nugget":22,"minecraft:sugar":7,"minecraft:dark_oak_planks":13,"minecraft:white_wool":5,"artifacts:cowboy_hat":1,"minecraft:bone":2,"minecraft:note_block":4,"mowziesmobs:umvuthana_mask_rage":1,"minecraft:wheat":7,"minecraft:rotten_flesh":34,"born_in_chaos_v1:smoked_flesh":15,"minecraft:golden_shovel":4,"bosses_of_mass_destruction:soul_star":1,"artifacts:panic_necklace":1,"minecraft:glass":27,"minecraft:beef":29,"epicpaladins:bloodstone_sword":1,"call_of_yucutan:chili_pepper_seeds":6,"irons_spellbooks:cast_time_ring":1,"epicfight:diamond_greatsword":1,"minecraft:enchanted_book":2,"farmersdelight:tomato_seeds":9,"minecraft:golden_boots":1,"minecraft:iron_ingot":25,"minecraft:wheat_seeds":37,"born_in_chaos_v1:holiday_candy":8,"minecraft:book":2,"minecraft:feather":1,"minecraft:iron_helmet":1,"minecraft:cobblestone":7,"epicpaladins:bloodstone_pickaxe":5,"minecraft:apple":14,"epicfight:stone_spear":2,"born_in_chaos_v1:soul_cutlass":1,"minecraft:coal":4,"epicfight:iron_greatsword":1,"minecraft:potion":4,"minecraft:heart_of_the_sea":1,"minecraft:red_dye":2,"minecraft:iron_shovel":1,"minecraft:chainmail_leggings":1,"minecraft:trapped_chest":1,"artifacts:bunny_hoppers":2,"minecraft:player_head":6,"minecraft:cocoa_beans":3,"minecraft:bowl":1,"goblins_tyranny:bear_hide":3,"minecraft:experience_bottle":3,"minecraft:chicken":3,"minecraft:iron_boots":4,"minecraft:pumpkin_seeds":47,"minecraft:potato":6,"minecraft:hay_block":5,"goblins_tyranny:goblins_prototype_chestplate":1,"minecraft:flower_pot":1,"minecraft:bundle":1,"minecraft:diamond_pickaxe":1,"goblins_tyranny:cow_hide":2,"minecraft:spider_eye":6,"irons_spellbooks:iron_spell_book":2,"minecraft:magenta_dye":12,"travelersbackpack:cake":1,"minecraft:magma_block":1,"epicfight:skillbook":7,"minecraft:black_wool":2,"minecraft:birch_planks":23,"mowziesmobs:umvuthana_mask_faith":2,"iceandfire:fire_dragon_flesh":3,"minecraft:leather":2,"travelersbackpack:standard":3,"farmersdelight:rice":2,"paraglider:spirit_orb":21,"artifacts:night_vision_goggles":1,"minecraft:mutton":5,"minecraft:crimson_roots":3,"minecraft:cooked_cod":6,"farmersdelight:onion":5,"minecraft:polished_blackstone_bricks":5,"minecraft:gravel":4,"minecraft:blackstone":1,"born_in_chaos_v1:fire_dust":1,"minecraft:cooked_mutton":5,"minecraft:carrot":8,"born_in_chaos_v1:seedof_chaos":3,"irons_spellbooks:conjurers_talisman":1,"minecraft:beetroot_seeds":14,"minecraft:melon_seeds":2,"born_in_chaos_v1:corpse_maggot":3,"minecraft:chest":1,"born_in_chaos_v1:diamond_termite_shard":5,"minecraft:arrow":10,"minecraft:polished_granite":1,"minecraft:netherrack":4,"minecraft:bread":72,"minecraft:water_bucket":1,"minecraft:golden_helmet":1,"goblins_tyranny:hut_spike":1,"born_in_chaos_v1:black_argillite_brick_slab":2,"iceandfire:lightning_dragon_flesh":4,"minecraft:stick":6,"irons_spellbooks:scroll":17,"born_in_chaos_v1:pumpkin_staff":1,"irons_spellbooks:affinity_ring":1,"farmersdelight:cooking_pot":1,"born_in_chaos_v1:staffofthe_summoner":1,"tombstone:grave_key":1,"minecraft:white_concrete":1,"minecraft:melon_slice":5,"minecraft:iron_leggings":1,"irons_spellbooks:common_ink":3,"minecraft:tripwire_hook":3,"travelersbackpack:red_sleeping_bag":1,"iceandfire:dragonscales_bronze":5,"minecraft:dandelion":1,"iceandfire:dragonbone":3,"minecraft:tuff":5,"farmersdelight:cabbage_seeds":1,"minecraft:waxed_exposed_cut_copper":2,"goblins_tyranny:coin":3,"minecraft:diamond_chestplate":1,"mowziesmobs:umvuthana_mask_misery":1,"minecraft:iron_chestplate":3,"minecraft:andesite":3,"minecraft:waxed_oxidized_cut_copper":2,"minecraft:cow_spawn_egg":2,"iceandfire:fire_dragon_heart":1,"minecraft:wooden_pickaxe":1},"minecraft:custom":{"minecraft:interact_with_crafting_table":118,"minecraft:open_barrel":401,"minecraft:bell_ring":4,"minecraft:eat_cake_slice":8,"minecraft:leave_game":5,"minecraft:time_since_death":253620,"minecraft:play_time":1149124,"minecraft:deaths":49,"minecraft:jump":17399,"minecraft:interact_with_furnace":104,"minecraft:traded_with_villager":2,"minecraft:sleep_in_bed":13,"minecraft:waystone_activated":9,"tombstone:sneak_grave":1,"minecraft:damage_dealt":76853,"tombstone:undead_killed":193,"minecraft:interact_with_smoker":27,"minecraft:inspect_dispenser":1,"minecraft:interact_with_smithing_table":9,"minecraft:interact_with_anvil":10,"minecraft:inspect_hopper":2,"minecraft:damage_dealt_absorbed":1736,"minecraft:sneak_time":32882,"minecraft:interact_with_lectern":2,"minecraft:interact_with_blast_furnace":8,"minecraft:total_world_time":1149124,"tombstone:raider_killed":30,"minecraft:tune_noteblock":9,"minecraft:time_since_rest":253155,"tombstone:cast_on_ally":1,"minecraft:swim_one_cm":574093,"minecraft:fly_one_cm":4919925,"minecraft:open_chest":815,"minecraft:fall_one_cm":886369,"minecraft:animals_bred":4,"minecraft:damage_resisted":18,"minecraft:sprint_one_cm":4145532,"minecraft:drop":284,"minecraft:play_noteblock":29,"minecraft:talked_to_villager":3,"minecraft:interact_with_brewingstand":10,"minecraft:walk_on_water_one_cm":380329,"minecraft:interact_with_loom":1,"minecraft:player_kills":7,"minecraft:crouch_one_cm":163260,"tombstone:villager_killed":1,"minecraft:mob_kills":478,"minecraft:damage_dealt_resisted":8394,"minecraft:climb_one_cm":35829,"minecraft:walk_one_cm":5683769,"minecraft:walk_under_water_one_cm":260819,"minecraft:boat_one_cm":94619,"minecraft:damage_taken":36467,"minecraft:damage_absorbed":180,"minecraft:trigger_trapped_chest":5},"minecraft:killed":{"alexsmobs:lobster":1,"minecraft:cave_spider":31,"born_in_chaos_v1:mr_pumpkin":14,"born_in_chaos_v1:sir_the_headless":2,"born_in_chaos_v1:restless_spirit":5,"born_in_chaos_v1:door_knight_not_despawn":3,"enemyexpansion:equestrian":1,"born_in_chaos_v1:siamese_skeletonsright":1,"born_in_chaos_v1:baby_skeleton_minion":11,"minecraft:skeleton":16,"minecraft:chicken":3,"mowziesmobs:umvuthana_crane":5,"born_in_chaos_v1:supreme_bonescaller_stage_2":1,"enemyexpansion:vampflyer":1,"minecraft:iron_golem":2,"goblins_tyranny:mini_goblin_2":3,"minecraft:pillager":1,"minecraft:zombie":58,"goblins_tyranny:mini_goblin_3":2,"enemyexpansion:botfly":4,"born_in_chaos_v1:corpse_fly":28,"iceandfire:lightning_dragon":1,"minecraft:cow":9,"alexsmobs:raccoon":1,"minecraft:vindicator":8,"born_in_chaos_v1:skeleton_thrasher_not_despawn":3,"born_in_chaos_v1:thornshell_crab":1,"born_in_chaos_v1:pumpkinhead":1,"enemyexpansion:faller":1,"enemyexpansion:silverqueen":1,"goblins_tyranny:mini_goblin_1":2,"goblins_tyranny:goblin_hunter":1,"born_in_chaos_v1:barrel_zombie":2,"born_in_chaos_v1:bone_imp_minion":9,"enemyexpansion:sprinter":1,"born_in_chaos_v1:decrepit_skeleton":16,"born_in_chaos_v1:bloody_gadfly":2,"iceandfire:ghost":11,"warden_curse:parryvisualentity":1,"born_in_chaos_v1:controlled_baby_skeleton":16,"born_in_chaos_v1:zombie_clown":2,"irons_spellbooks:pyromancer":1,"mowziesmobs:umvuthi":1,"minecraft:spider":25,"alexsmobs:froststalker":1,"born_in_chaos_v1:scarlet_persecutor":3,"goblins_tyranny:merchant":1,"minecraft:bee":1,"minecraft:silverfish":2,"minecraft:piglin_brute":1,"born_in_chaos_v1:firelight_not_despawn":2,"artifacts:mimic":2,"born_in_chaos_v1:bonescaller":1,"minecraft:pig":4,"alexsmobs:grizzly_bear":2,"born_in_chaos_v1:diamond_termite":10,"irons_spellbooks:necromancer":1,"minecraft:creeper":4,"minecraft:sheep":10,"minecraft:stray":17,"born_in_chaos_v1:siamese_skeletonsleft":1,"enemyexpansion:wasp":1,"minecraft:vex":1,"alexsmobs:tasmanian_devil":2,"enemyexpansion:direwolf":9,"born_in_chaos_v1:zombie_bruiser":1,"born_in_chaos_v1:maggot":27,"minecraft:phantom":3,"iceandfire:fire_dragon":1,"born_in_chaos_v1:corpse_fish":1,"minecraft:drowned":4,"alexsmobs:bison":2,"enemyexpansion:goblin":1,"alexsmobs:flying_fish":2,"mowziesmobs:umvuthana":2,"born_in_chaos_v1:fallen_chaos_knight":1,"born_in_chaos_v1:felsteed":1,"born_in_chaos_v1:baby_skeleton":5,"alexsmobs:skunk":1,"born_in_chaos_v1:swarmer":1,"born_in_chaos_v1:bonescaller_not_despawn":5,"minecraft:villager":1,"enemyexpansion:slugger":1}},"DataVersion":3465}