{"stats":{"minecraft:killed_by":{"warden_curse:az":1},"minecraft:killed":{"born_in_chaos_v1:spiritof_chaos":1,"minecraft:pig":1,"warden_curse:dpstester":1,"alexsmobs:murmur":1,"enemyexpansion:sprinter":2,"irons_spellbooks:necromancer":1,"enemyexpansion:direwolf":2,"minecraft:creeper":1,"born_in_chaos_v1:decrepit_skeleton":1,"alexsmobs:warped_toad":1,"minecraft:sheep":6,"minecraft:skeleton":2,"call_of_yucutan:undead_warrior":1,"alexsmobs:catfish":1,"minecraft:zombie":1,"born_in_chaos_v1:dread_hound":2,"alexsmobs:leafcutter_ant":4,"minecraft:chicken":1,"enemyexpansion:botfly":1,"alexsmobs:underminer":1,"artifacts:mimic":3,"minecraft:cow":2,"enemyexpansion:slugger":1},"minecraft:dropped":{"travelersbackpack:spider":1,"warden_curse:mortalblade":1},"minecraft:mined":{"minecraft:flowering_azalea":3,"minecraft:jungle_leaves":1,"minecraft:cave_vines_plant":1,"minecraft:acacia_log":4,"minecraft:grass_block":9,"minecraft:tall_grass":5,"minecraft:birch_leaves":1,"minecraft:grass":42,"minecraft:oak_log":10,"minecraft:cave_vines":5,"minecraft:gravel":1,"minecraft:dirt":3,"minecraft:stone":25,"minecraft:oak_leaves":14,"minecraft:fern":6},"minecraft:picked_up":{"minecraft:feather":1,"minecraft:ladder":2,"minecraft:chicken":1,"born_in_chaos_v1:monster_flesh":1,"minecraft:salmon":4,"born_in_chaos_v1:seedof_chaos":1,"minecraft:leather":3,"minecraft:oak_log":10,"travelersbackpack:spider":1,"minecraft:gunpowder":9,"artifacts:cloud_in_a_bottle":1,"minecraft:dirt":34,"minecraft:string":2,"artifacts:power_glove":1,"born_in_chaos_v1:monster_skin":2,"warden_curse:mortalblade":1,"minecraft:bone":5,"minecraft:wheat_seeds":4,"minecraft:cobbled_deepslate":24,"minecraft:raw_gold":1,"minecraft:beef":4,"born_in_chaos_v1:gnawed_bones":1,"minecraft:moss_block":8,"minecraft:oak_planks":2,"minecraft:flowering_azalea":5,"minecraft:stick":3,"minecraft:oak_fence":2,"minecraft:acacia_log":4,"minecraft:red_wool":1,"born_in_chaos_v1:ethereal_spirit":1,"minecraft:dandelion":4,"minecraft:gravel":1,"artifacts:vampiric_glove":1,"minecraft:porkchop":2,"tombstone:grave_dust":3,"call_of_yucutan:elder_bone":7,"minecraft:arrow":3,"minecraft:rotten_flesh":5,"minecraft:stone_axe":1,"minecraft:bone_meal":1,"tombstone:essence_of_undeath":1,"alexsmobs:ghostly_pickaxe":1,"minecraft:black_wool":1,"minecraft:glow_berries":1,"minecraft:mutton":7,"minecraft:white_wool":4,"minecraft:cobblestone":25,"minecraft:oxeye_daisy":2},"minecraft:custom":{"minecraft:mob_kills":43,"minecraft:interact_with_crafting_table":2,"minecraft:open_barrel":1,"minecraft:damage_dealt_resisted":10,"minecraft:leave_game":3,"minecraft:time_since_death":8489,"minecraft:damage_resisted":785,"minecraft:climb_one_cm":4760,"minecraft:time_since_rest":6090,"minecraft:damage_absorbed":1280,"minecraft:sprint_one_cm":317527,"minecraft:damage_taken":5126,"minecraft:walk_one_cm":520764,"minecraft:drop":2,"minecraft:damage_dealt":20268,"minecraft:damage_dealt_absorbed":118,"minecraft:swim_one_cm":40393,"minecraft:fly_one_cm":1165352,"minecraft:open_chest":9,"minecraft:crouch_one_cm":6232,"minecraft:play_time":155221,"tombstone:undead_killed":10,"minecraft:deaths":3,"minecraft:sneak_time":3220,"minecraft:walk_under_water_one_cm":33002,"minecraft:jump":2062,"minecraft:walk_on_water_one_cm":44031,"minecraft:inspect_dispenser":1,"minecraft:total_world_time":155221,"minecraft:fall_one_cm":36039},"minecraft:crafted":{"minecraft:oak_planks":40,"minecraft:crafting_table":2,"minecraft:wooden_pickaxe":1,"epicfight:stone_greatsword":1,"minecraft:stick":4,"minecraft:stone_sword":1,"minecraft:acacia_planks":16},"minecraft:used":{"call_of_yucutan:ritual_rock_tiles":1,"minecraft:moss_block":8,"call_of_yucutan:golden_guard_spawn_egg":1,"minecraft:netherite_sword":4,"call_of_yucutan:chili_pepper":24,"alexsmobs:spawn_egg_warped_toad":1,"warden_curse:mortalblade":51,"alexsmobs:spawn_egg_tiger":1,"minecraft:wooden_pickaxe":31,"minecraft:stone":2,"enemyexpansion:direwolf_spawn_egg":4,"minecraft:oak_leaves":3,"minecraft:glow_berries":2,"minecraft:dirt":63,"minecraft:crafting_table":2,"enemyexpansion:huntsman_spawn_egg":1,"enemyexpansion:botfly_spawn_egg":1,"artifacts:mimic_spawn_egg":2,"call_of_yucutan:obsidian_spear":6,"enemyexpansion:scorpion_spawn_egg":2,"warden_curse:tenticlewarden_spawn_egg":4,"call_of_yucutan:undead_warrior_spawn_egg":4,"call_of_yucutan:mitnal_monkey_spawn_egg":2,"minecraft:oak_log":1,"born_in_chaos_v1:supreme_measure":3,"alexsmobs:spawn_egg_murmur":1,"minecraft:flowering_azalea":4,"call_of_yucutan:blowgun_huracan_spawn_egg":3,"enemyexpansion:silverqueenbodiless_spawn_egg":1,"minecraft:grass_block":16,"epicfight:bokken":47,"minecraft:spawner":7,"born_in_chaos_v1:dire_hound_leader_spawn_egg":2,"enemyexpansion:wasp_spawn_egg":1,"warden_curse:fireworksword":6,"minecraft:gravel":1,"born_in_chaos_v1:dark_vortex_spawn_egg":1,"warden_curse:az_spawn_egg":1,"enemyexpansion:slugger_spawn_egg":1,"epicfight:stone_greatsword":53,"enemyexpansion:starved_spawn_egg":1,"minecraft:stone_axe":25,"enemyexpansion:ladybug_spawn_egg":1,"minecraft:cobblestone":2,"enemyexpansion:silverqueen_spawn_egg":1,"warden_curse:dpstester_spawn_egg":1,"securitycraft:oak_security_sea_boat":1,"call_of_yucutan:ahaw_spawn_egg":1,"enemyexpansion:sprinter_spawn_egg":1,"call_of_yucutan:chaac_spawn_egg":1,"minecraft:enchanted_golden_apple":16,"call_of_yucutan:red_limestone":13,"enemyexpansion:intruder_spawn_egg":2,"alexsmobs:animal_dictionary":3,"minecraft:cooked_beef":5,"minecraft:cobbled_deepslate":20}},"DataVersion":3465}