{"stats":{"minecraft:used":{"iceandfire:copper_shovel":2,"minecraft:stone_shovel":36,"minecraft:stone_pickaxe":99,"minecraft:wooden_pickaxe":11,"minecraft:stone_axe":1,"minecraft:cobblestone":19,"minecraft:crafting_table":3,"minecraft:furnace":1},"minecraft:picked_up":{"minecraft:crafting_table":1,"minecraft:gravel":35,"minecraft:flint":2,"minecraft:oak_log":5,"minecraft:raw_copper":39,"minecraft:wheat_seeds":1,"minecraft:oak_sapling":1,"minecraft:coal":57,"minecraft:cobblestone":60,"minecraft:furnace":1},"minecraft:custom":{"minecraft:time_since_rest":9649,"minecraft:interact_with_furnace":13,"minecraft:sprint_one_cm":48371,"minecraft:damage_taken":527,"minecraft:walk_one_cm":35185,"minecraft:swim_one_cm":2968,"minecraft:interact_with_crafting_table":18,"minecraft:fly_one_cm":62876,"minecraft:crouch_one_cm":2533,"minecraft:play_time":17666,"minecraft:deaths":1,"minecraft:sneak_time":612,"minecraft:walk_under_water_one_cm":2250,"minecraft:jump":295,"minecraft:time_since_death":10220,"minecraft:walk_on_water_one_cm":5452,"minecraft:total_world_time":17666,"minecraft:fall_one_cm":8658},"minecraft:mined":{"minecraft:furnace":1,"minecraft:crafting_table":1,"minecraft:grass":3,"minecraft:oak_log":5,"minecraft:coal_ore":37,"minecraft:gravel":38,"minecraft:copper_ore":10,"minecraft:stone":60,"minecraft:oak_leaves":1},"minecraft:crafted":{"minecraft:oak_planks":20,"minecraft:stone_shovel":1,"minecraft:crafting_table":2,"minecraft:stick":12,"minecraft:wooden_pickaxe":1,"minecraft:stone_pickaxe":1,"iceandfire:armor_copper_metal_chestplate":1,"minecraft:lightning_rod":2,"minecraft:furnace":1,"iceandfire:armor_copper_metal_leggings":1,"iceandfire:copper_nugget":9,"minecraft:copper_ingot":37,"minecraft:stone_axe":1,"iceandfire:armor_copper_metal_helmet":1,"minecraft:air":0,"iceandfire:armor_copper_metal_boots":1,"iceandfire:copper_shovel":1}},"DataVersion":3465}