{"stats":{"minecraft:used":{"call_of_yucutan:flint_spear":31,"minecraft:stone_shovel":71,"minecraft:stone_pickaxe":105,"minecraft:wooden_pickaxe":12,"minecraft:dirt":4,"minecraft:crafting_table":3,"iceandfire:armor_copper_metal_chestplate":1,"iceandfire:copper_shovel":2,"minecraft:gravel":5,"minecraft:stone_axe":7,"minecraft:golden_carrot":2,"minecraft:cobblestone":34,"minecraft:furnace":1,"tombstone:gift":2},"minecraft:picked_up":{"minecraft:charcoal":2,"minecraft:crafting_table":3,"born_in_chaos_v1:river_mint":2,"call_of_yucutan:flint_spear":1,"minecraft:wooden_pickaxe":1,"iceandfire:armor_copper_metal_chestplate":1,"minecraft:brown_bed":1,"minecraft:flint":5,"minecraft:stone_brick_stairs":1,"minecraft:oak_log":5,"iceandfire:armor_copper_metal_helmet":1,"minecraft:dirt":7,"minecraft:raw_copper":40,"call_of_yucutan:silex_tecpatl":1,"born_in_chaos_v1:marigolds":1,"minecraft:stone_bricks":1,"minecraft:wheat_seeds":4,"minecraft:stone_pickaxe":1,"minecraft:oak_planks":2,"minecraft:furnace":3,"minecraft:book":6,"minecraft:stick":3,"iceandfire:copper_nugget":18,"minecraft:orange_dye":1,"minecraft:copper_ingot":5,"iceandfire:armor_copper_metal_leggings":1,"minecraft:note_block":2,"minecraft:gravel":136,"minecraft:porkchop":11,"minecraft:lightning_rod":2,"tombstone:grave_dust":1,"iceandfire:armor_copper_metal_boots":1,"alexsmobs:animal_dictionary":1,"warden_curse:sekirobook":1,"minecraft:stone_shovel":1,"iceandfire:copper_shovel":1,"minecraft:stone_axe":1,"minecraft:oak_sapling":3,"minecraft:iron_bars":1,"minecraft:coal":89,"minecraft:cobblestone":71},"minecraft:custom":{"minecraft:interact_with_furnace":14,"minecraft:mob_kills":9,"minecraft:tune_noteblock":9,"minecraft:interact_with_crafting_table":20,"minecraft:time_since_death":5471,"minecraft:climb_one_cm":2236,"minecraft:time_since_rest":5223,"minecraft:sprint_one_cm":111847,"minecraft:damage_taken":1047,"minecraft:walk_one_cm":104562,"minecraft:drop":36,"minecraft:damage_dealt":1021,"minecraft:play_noteblock":3,"minecraft:fly_one_cm":145435,"minecraft:swim_one_cm":2968,"minecraft:open_chest":2,"minecraft:crouch_one_cm":3210,"minecraft:play_time":29666,"minecraft:deaths":3,"minecraft:sneak_time":811,"minecraft:walk_under_water_one_cm":2250,"minecraft:jump":581,"minecraft:walk_on_water_one_cm":5452,"minecraft:total_world_time":29666,"minecraft:fall_one_cm":16201},"minecraft:killed":{"minecraft:pig":6,"enemyexpansion:direwolf":3},"minecraft:mined":{"born_in_chaos_v1:marigolds":1,"minecraft:crafting_table":2,"minecraft:note_block":2,"minecraft:grass_block":2,"minecraft:campfire":1,"minecraft:copper_ore":10,"minecraft:tall_grass":2,"minecraft:bricks":1,"minecraft:furnace":2,"minecraft:lilac":1,"born_in_chaos_v1:river_mint":1,"minecraft:stone_brick_stairs":1,"minecraft:brown_bed":1,"minecraft:bookshelf":2,"minecraft:grass":9,"minecraft:coal_ore":37,"minecraft:oak_log":5,"minecraft:iron_bars":1,"minecraft:dirt":5,"minecraft:gravel":75,"minecraft:stone_bricks":1,"minecraft:stone":60,"minecraft:oak_leaves":1},"minecraft:crafted":{"minecraft:oak_planks":20,"minecraft:stone_shovel":1,"minecraft:crafting_table":2,"minecraft:wooden_pickaxe":1,"minecraft:lightning_rod":2,"minecraft:furnace":1,"iceandfire:armor_copper_metal_leggings":1,"iceandfire:copper_nugget":9,"minecraft:copper_ingot":37,"minecraft:stone_axe":1,"minecraft:orange_dye":1,"iceandfire:armor_copper_metal_boots":1,"minecraft:air":0,"iceandfire:armor_copper_metal_helmet":1,"iceandfire:copper_shovel":1,"call_of_yucutan:flint_spear":1,"minecraft:stick":16,"iceandfire:armor_copper_metal_chestplate":1,"minecraft:stone_pickaxe":1,"call_of_yucutan:silex_tecpatl":1,"securitycraft:sc_manual":1},"minecraft:dropped":{"minecraft:gravel":66,"minecraft:furnace":1,"minecraft:stone_axe":1,"minecraft:wheat_seeds":2,"minecraft:orange_dye":1,"alexsmobs:animal_dictionary":1,"minecraft:raw_copper":1,"minecraft:crafting_table":1,"minecraft:stone_shovel":1,"iceandfire:armor_copper_metal_chestplate":1,"minecraft:cobblestone":11,"minecraft:oak_planks":2,"call_of_yucutan:silex_tecpatl":1,"iceandfire:armor_copper_metal_helmet":1,"iceandfire:copper_shovel":1,"minecraft:copper_ingot":5,"minecraft:coal":32,"minecraft:lightning_rod":2,"minecraft:stick":3,"call_of_yucutan:flint_spear":1,"born_in_chaos_v1:river_mint":1,"iceandfire:copper_nugget":18,"minecraft:oak_sapling":3,"iceandfire:armor_copper_metal_boots":1,"tombstone:grave_dust":1,"warden_curse:sekirobook":1,"minecraft:stone_bricks":1,"minecraft:stone_pickaxe":1,"minecraft:wooden_pickaxe":1,"iceandfire:armor_copper_metal_leggings":1}},"DataVersion":3465}