{"stats":{"minecraft:killed":{"alexsmobs:lobster":1,"minecraft:cave_spider":5,"born_in_chaos_v1:restless_spirit":4,"born_in_chaos_v1:door_knight_not_despawn":2,"mowziesmobs:umvuthi":1,"minecraft:spider":7,"enemyexpansion:equestrian":1,"born_in_chaos_v1:siamese_skeletonsright":1,"born_in_chaos_v1:baby_skeleton_minion":3,"alexsmobs:froststalker":1,"minecraft:skeleton":10,"minecraft:bee":1,"minecraft:chicken":3,"mowziesmobs:umvuthana_crane":5,"minecraft:silverfish":2,"minecraft:piglin_brute":1,"born_in_chaos_v1:firelight_not_despawn":1,"artifacts:mimic":2,"enemyexpansion:vampflyer":1,"born_in_chaos_v1:bonescaller":1,"minecraft:pig":2,"alexsmobs:grizzly_bear":1,"born_in_chaos_v1:diamond_termite":10,"minecraft:iron_golem":1,"irons_spellbooks:necromancer":1,"minecraft:creeper":4,"minecraft:sheep":9,"minecraft:zombie":35,"born_in_chaos_v1:corpse_fly":26,"enemyexpansion:botfly":3,"iceandfire:lightning_dragon":1,"born_in_chaos_v1:siamese_skeletonsleft":1,"minecraft:cow":6,"alexsmobs:raccoon":1,"minecraft:vindicator":1,"born_in_chaos_v1:skeleton_thrasher_not_despawn":1,"born_in_chaos_v1:thornshell_crab":1,"enemyexpansion:direwolf":5,"born_in_chaos_v1:maggot":7,"enemyexpansion:faller":1,"enemyexpansion:silverqueen":1,"minecraft:drowned":1,"enemyexpansion:goblin":1,"alexsmobs:flying_fish":2,"mowziesmobs:umvuthana":2,"born_in_chaos_v1:barrel_zombie":1,"born_in_chaos_v1:baby_skeleton":2,"born_in_chaos_v1:swarmer":1,"enemyexpansion:sprinter":1,"born_in_chaos_v1:decrepit_skeleton":6,"born_in_chaos_v1:bloody_gadfly":2,"iceandfire:ghost":2,"enemyexpansion:slugger":1},"minecraft:crafted":{"minecraft:oak_planks":108,"minecraft:cooked_mutton":14,"minecraft:glass":40,"minecraft:iron_boots":2,"minecraft:chest":5,"minecraft:magenta_dye":6,"minecraft:golden_boots":1,"minecraft:crafting_table":9,"travelersbackpack:standard":2,"minecraft:wooden_pickaxe":1,"minecraft:iron_helmet":2,"minecraft:red_wool":2,"travelersbackpack:red_sleeping_bag":1,"minecraft:iron_chestplate":1,"minecraft:stick":32,"minecraft:iron_ingot":45,"born_in_chaos_v1:smoked_flesh":2,"minecraft:iron_pickaxe":1,"minecraft:gold_ingot":80,"minecraft:shears":2,"minecraft:raw_iron":9,"minecraft:furnace":5,"epicpaladins:bloodstone_sword":1,"minecraft:iron_axe":1,"minecraft:stone_pickaxe":1,"epicfight:iron_greatsword":1,"minecraft:spruce_boat":1,"minecraft:wheat":211,"minecraft:cooked_beef":10,"minecraft:red_dye":4,"minecraft:cooked_cod":10,"travelersbackpack:backpack_tank":4,"minecraft:iron_sword":2,"minecraft:golden_shovel":3,"minecraft:bucket":1,"born_in_chaos_v1:scorched_planks":4,"minecraft:bread":71,"minecraft:air":0,"epicpaladins:bloodstone_pickaxe":2,"minecraft:iron_leggings":2},"minecraft:custom":{"minecraft:animals_bred":2,"minecraft:interact_with_crafting_table":67,"minecraft:open_barrel":160,"minecraft:bell_ring":4,"minecraft:eat_cake_slice":8,"minecraft:leave_game":2,"minecraft:time_since_death":24999,"minecraft:sprint_one_cm":2020382,"minecraft:drop":142,"minecraft:play_noteblock":25,"minecraft:talked_to_villager":3,"minecraft:play_time":566554,"minecraft:deaths":29,"minecraft:jump":10823,"minecraft:interact_with_brewingstand":7,"minecraft:walk_on_water_one_cm":276183,"minecraft:interact_with_furnace":67,"minecraft:interact_with_loom":1,"minecraft:sleep_in_bed":10,"minecraft:waystone_activated":6,"minecraft:damage_dealt":36376,"minecraft:player_kills":6,"minecraft:crouch_one_cm":74928,"tombstone:undead_killed":72,"minecraft:interact_with_smoker":5,"minecraft:interact_with_smithing_table":4,"minecraft:interact_with_anvil":4,"minecraft:mob_kills":204,"minecraft:inspect_hopper":2,"minecraft:damage_dealt_resisted":202,"minecraft:climb_one_cm":6110,"minecraft:walk_one_cm":3039025,"minecraft:damage_dealt_absorbed":895,"minecraft:sneak_time":14674,"minecraft:walk_under_water_one_cm":197619,"minecraft:boat_one_cm":94619,"minecraft:interact_with_blast_furnace":4,"minecraft:total_world_time":566554,"tombstone:raider_killed":15,"minecraft:tune_noteblock":9,"minecraft:time_since_rest":24467,"minecraft:damage_absorbed":78,"minecraft:damage_taken":19083,"minecraft:trigger_trapped_chest":4,"tombstone:cast_on_ally":1,"minecraft:swim_one_cm":305215,"minecraft:fly_one_cm":2792576,"minecraft:open_chest":326,"minecraft:fall_one_cm":471017},"minecraft:used":{"epicpaladins:bloodstone_pickaxe":466,"minecraft:iron_shovel":6,"minecraft:spruce_slab":5,"minecraft:chest":7,"minecraft:iron_sword":4,"minecraft:player_head":2,"minecraft:rotten_flesh":1,"minecraft:soul_sand":2,"minecraft:carrot":30,"minecraft:tuff":29,"minecraft:obsidian":4,"minecraft:spruce_boat":1,"minecraft:glass":4,"born_in_chaos_v1:corpse_maggot":32,"born_in_chaos_v1:smoked_flesh":14,"minecraft:lava_bucket":10,"mowziesmobs:umvuthana_mask_faith":1,"minecraft:packed_mud":1,"minecraft:dark_oak_slab":2,"minecraft:stone_bricks":1,"minecraft:bow":13,"minecraft:oak_sapling":2,"minecraft:furnace":7,"minecraft:cooked_cod":4,"minecraft:gray_bed":1,"minecraft:potato":38,"epicpaladins:moonlight_sword":126,"minecraft:dark_oak_stairs":1,"epicfight:skillbook":9,"minecraft:diorite":1,"minecraft:damaged_anvil":2,"minecraft:spruce_door":1,"minecraft:stone_pickaxe":131,"minecraft:oak_planks":6,"minecraft:blackstone":67,"minecraft:wooden_pickaxe":30,"minecraft:sandstone":25,"minecraft:diamond_axe":287,"minecraft:white_wool":2,"minecraft:glow_berries":12,"minecraft:sand":5,"alexscaves:cave_book":1,"minecraft:shears":23,"waystones:waystone":2,"minecraft:bread":92,"minecraft:gravel":5,"minecraft:golden_helmet":1,"minecraft:fire_charge":4,"minecraft:smithing_table":1,"minecraft:andesite":15,"minecraft:chain":1,"tombstone:scroll_of_lightning_resistance":1,"minecraft:golden_pickaxe":2,"minecraft:rose_bush":1,"born_in_chaos_v1:black_argillite":39,"minecraft:cooked_chicken":1,"minecraft:netherrack":32,"minecraft:dirt":22,"minecraft:spruce_stairs":7,"minecraft:golden_shovel":59,"minecraft:granite":3,"mowziesmobs:wrought_helmet":1,"farmersdelight:rope":5,"minecraft:iron_axe":189,"minecraft:smooth_sandstone":4,"minecraft:chicken_spawn_egg":2,"minecraft:polished_blackstone_brick_stairs":3,"minecraft:mud_bricks":29,"tombstone:gift":11,"minecraft:trapped_chest":1,"minecraft:cooked_beef":4,"minecraft:cobbled_deepslate":228,"minecraft:golden_axe":49,"minecraft:cooked_mutton":9,"minecraft:water_bucket":171,"minecraft:polished_blackstone_bricks":23,"farmersdelight:onion":19,"minecraft:crafting_table":10,"minecraft:oak_slab":6,"minecraft:red_bed":1,"minecraft:white_bed":1,"epicfight:stone_spear":6,"alexsmobs:flying_fish":3,"tombstone:bag_of_seeds":2,"celestisynth:lunar_stone":4,"minecraft:flower_pot":1,"minecraft:diamond_pickaxe":251,"minecraft:apple":1,"minecraft:cracked_polished_blackstone_bricks":5,"minecraft:iron_pickaxe":254,"minecraft:leather_helmet":1,"minecraft:spruce_trapdoor":1,"minecraft:cobblestone":45,"travelersbackpack:standard":2,"minecraft:cooked_porkchop":1,"minecraft:porkchop":4,"minecraft:bucket":814,"alexsmobs:animal_dictionary":2,"minecraft:jukebox":1},"minecraft:picked_up":{"irons_spellbooks:scroll":1,"minecraft:iron_chestplate":1,"minecraft:wheat":7,"minecraft:flower_pot":4,"artifacts:bunny_hoppers":3,"minecraft:smithing_table":1,"minecraft:potion":2,"minecraft:golden_shovel":2,"born_in_chaos_v1:bloody_gadfly_eye":1,"born_in_chaos_v1:black_argillite":46,"minecraft:polished_blackstone_brick_stairs":3,"minecraft:string":32,"minecraft:raw_copper":12,"epicpaladins:bloodstone_gem":15,"irons_spellbooks:arcane_essence":2,"minecraft:gold_nugget":2,"minecraft:cobbled_deepslate":307,"minecraft:spruce_planks":13,"celestisynth:lunar_stone":10,"minecraft:rose_bush":3,"minecraft:iron_pickaxe":1,"alexsmobs:raccoon_tail":1,"born_in_chaos_v1:stimulating_decoction":1,"minecraft:iron_boots":3,"minecraft:furnace":2,"minecraft:golden_helmet":2,"minecraft:stick":16,"born_in_chaos_v1:shattered_skull":2,"minecraft:jukebox":1,"minecraft:composter":1,"epicpaladins:arclight_gem":2,"minecraft:oak_fence":3,"epicpaladins:moonlight_sword":1,"minecraft:spruce_stairs":7,"epicfight:skillbook":8,"minecraft:porkchop":8,"iceandfire:lightning_dragon_flesh":4,"iceandfire:crackled_gravel":1,"tombstone:grave_dust":14,"minecraft:diorite":12,"epicpaladins:moonlight_gem":4,"alexsmobs:centipede_leg":2,"minecraft:cauldron":1,"epicpaladins:cryorium_gem":12,"minecraft:rotten_flesh":78,"farmersdelight:onion":10,"farmersdelight:rope":18,"minecraft:obsidian":4,"minecraft:iron_bars":4,"minecraft:snowball":13,"alexsmobs:flying_fish":3,"minecraft:cobblestone":182,"minecraft:magma_block":1,"epicfight:stone_spear":3,"minecraft:lilac":3,"minecraft:feather":14,"minecraft:cooked_beef":1,"born_in_chaos_v1:spiritual_dust":1,"minecraft:water_bucket":1,"minecraft:andesite":18,"minecraft:potato":7,"alexsmobs:bear_fur":1,"paraglider:spirit_orb":16,"minecraft:magenta_dye":6,"alexscaves:cave_book":1,"minecraft:tuff":52,"born_in_chaos_v1:black_argillite_button":2,"minecraft:lapis_lazuli":69,"minecraft:dirt":56,"minecraft:glass":27,"minecraft:bone":26,"minecraft:chipped_anvil":1,"minecraft:bow":3,"minecraft:wheat_seeds":38,"minecraft:raw_gold":16,"minecraft:cyan_candle":3,"minecraft:oak_planks":11,"minecraft:sand":72,"minecraft:dead_bush":1,"iceandfire:lightning_dragon_heart":1,"minecraft:fermented_spider_eye":7,"minecraft:trapped_chest":3,"minecraft:sugar":15,"born_in_chaos_v1:fire_dust":1,"minecraft:diamond":12,"waystones:waystone":3,"minecraft:cracked_polished_blackstone_bricks":4,"minecraft:granite":16,"minecraft:bone_meal":1,"minecraft:white_concrete":1,"minecraft:bread":61,"minecraft:oak_sapling":5,"born_in_chaos_v1:rotten_fish":2,"minecraft:netherrack":127,"minecraft:diamond_pickaxe":3,"iceandfire:raw_silver":7,"iceandfire:dragon_skull_lightning":1,"minecraft:lingering_potion":1,"minecraft:crafting_table":1,"minecraft:cocoa_beans":1,"born_in_chaos_v1:diamond_termite_shard":5,"minecraft:allium":1,"artifacts:night_vision_goggles":1,"minecraft:chicken":2,"minecraft:wooden_pickaxe":1,"minecraft:gold_block":5,"epicpaladins:bloodstone_pickaxe":3,"minecraft:chain":3,"minecraft:oak_trapdoor":2,"minecraft:red_bed":1,"born_in_chaos_v1:intoxicating_decoction":2,"minecraft:blackstone":68,"minecraft:beef":10,"minecraft:player_head":18,"minecraft:poppy":4,"minecraft:spruce_slab":1,"minecraft:chest":5,"minecraft:spruce_trapdoor":1,"minecraft:raw_iron":108,"minecraft:sandstone":25,"iceandfire:dragonbone":30,"minecraft:note_block":8,"minecraft:spruce_fence":1,"minecraft:polished_blackstone_bricks":28,"farmersdelight:tomato_seeds":4,"born_in_chaos_v1:pieceofdarkmetal":6,"minecraft:carrot":11,"minecraft:dark_oak_planks":23,"mowziesmobs:umvuthana_mask_faith":2,"minecraft:tnt":1,"minecraft:arrow":33,"artifacts:cowboy_hat":1,"minecraft:diamond_chestplate":2,"minecraft:hay_block":27,"alexscaves:spelunkery_table":1,"tombstone:essence_of_undeath":1,"mowziesmobs:umvuthana_mask_bliss":1,"born_in_chaos_v1:spiny_shell":2,"minecraft:glistering_melon_slice":3,"minecraft:gold_ingot":4,"minecraft:mutton":15,"minecraft:white_wool":15,"minecraft:rail":1,"born_in_chaos_v1:fused_bone":4,"minecraft:stripped_oak_log":2,"born_in_chaos_v1:corpse_maggot":49,"minecraft:mud_bricks":6,"minecraft:tripwire_hook":4,"minecraft:leather":15,"travelersbackpack:red_sleeping_bag":2,"minecraft:red_mushroom":1,"irons_spellbooks:silver_ring":1,"minecraft:packed_mud":1,"minecraft:oak_log":27,"minecraft:golden_boots":1,"minecraft:gunpowder":31,"epicpaladins:bloodstone_sword":1,"minecraft:paper":1,"tombstone:gift":2,"minecraft:smooth_sandstone":15,"farmersdelight:cooking_pot":2,"minecraft:apple":2,"minecraft:stone_bricks":1,"mowziesmobs:umvuthana_mask_rage":1,"born_in_chaos_v1:smoked_flesh":5,"minecraft:iron_ingot":27,"minecraft:cooked_chicken":1,"born_in_chaos_v1:chipped_black_argillite_brick":2,"minecraft:cobweb":23,"tombstone:bag_of_seeds":1,"minecraft:glass_bottle":10,"minecraft:gray_bed":1,"mowziesmobs:umvuthana_mask_misery":1,"minecraft:dark_oak_stairs":1,"minecraft:book":3,"minecraft:oak_slab":6,"iceandfire:copper_nugget":22,"minecraft:dark_oak_slab":2,"born_in_chaos_v1:ethereal_spirit":4,"minecraft:dandelion":2,"minecraft:raw_iron_block":1,"minecraft:torchflower_seeds":1,"minecraft:gravel":12,"minecraft:amethyst_shard":12,"mowziesmobs:wrought_helmet":1,"minecraft:red_banner":1,"minecraft:blast_furnace":1,"minecraft:white_bed":1,"minecraft:spruce_door":1,"minecraft:spider_eye":6,"minecraft:leather_helmet":2,"iceandfire:dragonscales_copper":9,"travelersbackpack:standard":2,"minecraft:pumpkin_seeds":2,"minecraft:slime_ball":1,"minecraft:diamond_axe":1,"minecraft:lodestone":1,"tombstone:magic_scroll":2,"minecraft:damaged_anvil":2,"minecraft:black_wool":3,"minecraft:coal":106},"minecraft:broken":{"minecraft:golden_helmet":1,"minecraft:golden_boots":1,"minecraft:iron_leggings":1,"minecraft:stone_pickaxe":1,"minecraft:iron_axe":2,"minecraft:iron_pickaxe":1},"minecraft:mined":{"minecraft:dark_oak_planks":11,"minecraft:spruce_planks":13,"minecraft:white_bed":1,"minecraft:jungle_leaves":1,"minecraft:potted_crimson_fungus":1,"minecraft:spruce_trapdoor":1,"minecraft:obsidian":5,"minecraft:potted_dead_bush":1,"minecraft:granite":15,"minecraft:budding_amethyst":1,"minecraft:grass_block":2,"minecraft:cracked_polished_blackstone_bricks":1,"minecraft:white_concrete":1,"minecraft:mud_bricks":8,"minecraft:spawner":8,"minecraft:polished_blackstone_bricks":12,"minecraft:raw_iron_block":1,"minecraft:magma_block":1,"minecraft:iron_ore":36,"minecraft:fire":5,"minecraft:cobbled_deepslate":1,"minecraft:deepslate_lapis_ore":6,"minecraft:dark_oak_stairs":1,"minecraft:iron_bars":2,"minecraft:spruce_slab":1,"minecraft:player_head":4,"minecraft:red_bed":1,"minecraft:blackstone":50,"minecraft:amethyst_cluster":3,"minecraft:powder_snow":3,"minecraft:note_block":10,"minecraft:blast_furnace":1,"minecraft:calcite":1,"minecraft:chest":5,"minecraft:glass":1,"minecraft:cobblestone":9,"minecraft:oak_planks":9,"minecraft:damaged_anvil":2,"minecraft:amethyst_block":3,"minecraft:deepslate_copper_ore":2,"minecraft:pink_petals":2,"minecraft:dark_oak_slab":2,"epicpaladins:deepslate_cryorium_ore":12,"minecraft:lilac":3,"born_in_chaos_v1:river_mint":1,"minecraft:jukebox":1,"minecraft:tnt":1,"celestisynth:lunar_stone":10,"minecraft:grass":34,"minecraft:oak_log":26,"minecraft:sand":59,"minecraft:dirt":16,"minecraft:tripwire_hook":1,"minecraft:netherrack":199,"minecraft:oak_leaves":22,"minecraft:deepslate":242,"alexscaves:spelunkery_table":1,"minecraft:tuff":30,"iceandfire:silver_ore":2,"minecraft:deepslate_diamond_ore":13,"farmersdelight:wild_carrots":10,"minecraft:allium":1,"minecraft:spruce_fence":2,"born_in_chaos_v1:black_argillite":43,"minecraft:sandstone":5,"epicpaladins:deepslate_arclight_ore":2,"minecraft:hay_block":23,"farmersdelight:wild_onions":10,"minecraft:packed_mud":1,"minecraft:furnace":2,"minecraft:snow":1,"minecraft:andesite":13,"minecraft:gold_block":6,"farmersdelight:rope":1,"minecraft:deepslate_iron_ore":72,"minecraft:vine":3,"minecraft:rail":1,"minecraft:stripped_oak_log":2,"minecraft:stone":126,"minecraft:white_wool":2,"minecraft:smithing_table":1,"minecraft:oak_slab":5,"minecraft:acacia_leaves":2,"epicpaladins:deepslate_bloodstone_ore":12,"minecraft:snow_block":5,"minecraft:smooth_sandstone":8,"minecraft:crafting_table":1,"minecraft:rose_bush":4,"minecraft:tall_grass":9,"minecraft:deepslate_coal_ore":1,"born_in_chaos_v1:chipped_black_argillite_brick":3,"minecraft:lapis_ore":3,"minecraft:deepslate_gold_ore":13,"minecraft:polished_blackstone_brick_stairs":1,"minecraft:diorite":4,"minecraft:spruce_stairs":7,"minecraft:trapped_chest":1,"minecraft:birch_leaves":1,"minecraft:gray_bed":1,"minecraft:coal_ore":66,"minecraft:flower_pot":1,"minecraft:gravel":5,"minecraft:cobweb":25,"minecraft:stone_bricks":1,"minecraft:gold_ore":2},"minecraft:killed_by":{"minecraft:player":5,"born_in_chaos_v1:bloody_gadfly":1},"minecraft:dropped":{"minecraft:iron_sword":1,"iceandfire:raw_silver":6,"minecraft:porkchop":4,"minecraft:cooked_beef":6,"minecraft:glass_bottle":4,"minecraft:diamond":5,"mowziesmobs:umvuthana_mask_faith":2,"travelersbackpack:standard":3,"minecraft:leather_helmet":3,"minecraft:red_mushroom":1,"artifacts:night_vision_goggles":1,"minecraft:dirt":1,"irons_spellbooks:silver_ring":1,"minecraft:mutton":1,"minecraft:cooked_cod":6,"minecraft:chain":2,"farmersdelight:onion":5,"minecraft:polished_blackstone_bricks":5,"minecraft:dark_oak_planks":12,"minecraft:white_wool":5,"artifacts:cowboy_hat":1,"minecraft:gravel":4,"minecraft:blackstone":1,"mowziesmobs:umvuthana_mask_rage":1,"minecraft:wheat":7,"minecraft:rotten_flesh":10,"born_in_chaos_v1:smoked_flesh":13,"minecraft:cooked_mutton":5,"minecraft:golden_shovel":4,"born_in_chaos_v1:corpse_maggot":2,"artifacts:panic_necklace":1,"minecraft:chest":1,"born_in_chaos_v1:diamond_termite_shard":5,"minecraft:arrow":8,"minecraft:glass":27,"epicpaladins:bloodstone_sword":1,"minecraft:netherrack":4,"farmersdelight:tomato_seeds":2,"minecraft:iron_ingot":25,"minecraft:water_bucket":1,"minecraft:golden_boots":1,"minecraft:bread":72,"minecraft:wheat_seeds":22,"minecraft:golden_helmet":1,"minecraft:feather":1,"minecraft:cobblestone":2,"epicpaladins:bloodstone_pickaxe":4,"minecraft:apple":14,"epicfight:stone_spear":2,"minecraft:stick":6,"farmersdelight:cooking_pot":1,"minecraft:white_concrete":1,"epicfight:iron_greatsword":1,"minecraft:potion":4,"minecraft:red_dye":2,"minecraft:chainmail_leggings":1,"minecraft:trapped_chest":1,"minecraft:tripwire_hook":3,"travelersbackpack:red_sleeping_bag":1,"artifacts:bunny_hoppers":2,"minecraft:dandelion":1,"minecraft:player_head":2,"minecraft:tuff":5,"minecraft:chicken":1,"minecraft:iron_boots":3,"minecraft:potato":6,"minecraft:hay_block":5,"minecraft:flower_pot":1,"minecraft:diamond_chestplate":1,"mowziesmobs:umvuthana_mask_misery":1,"minecraft:iron_chestplate":2,"minecraft:diamond_pickaxe":1,"minecraft:andesite":3,"minecraft:spider_eye":5,"minecraft:cow_spawn_egg":2,"minecraft:magenta_dye":12,"minecraft:wooden_pickaxe":1,"minecraft:magma_block":1,"minecraft:black_wool":2,"epicfight:skillbook":6}},"DataVersion":3465}