{"stats":{"minecraft:used":{"epicpaladins:bloodstone_pickaxe":905,"born_in_chaos_v1:ethereal_spirit":20,"minecraft:spruce_slab":8,"minecraft:chest":8,"minecraft:spruce_planks":38,"minecraft:shield":64,"minecraft:rotten_flesh":14,"minecraft:netherrack":74,"epicpaladins:moonlight_shovel":11,"minecraft:torch":6,"minecraft:stripped_spruce_log":2,"minecraft:obsidian":2,"born_in_chaos_v1:smoked_flesh":5,"iceandfire:lightning_lily":1,"minecraft:music_disc_pigstep":1,"minecraft:lantern":1,"minecraft:iron_axe":150,"epicpaladins:moonlight_axe":19,"minecraft:polished_blackstone_brick_stairs":1,"minecraft:mossy_cobblestone_slab":4,"minecraft:diamond_chestplate":1,"minecraft:basalt":3,"minecraft:cooked_cod":6,"tombstone:gift":3,"minecraft:cooked_beef":5,"epicpaladins:moonlight_sword":25,"minecraft:cobbled_deepslate":131,"epicfight:skillbook":3,"minecraft:cooked_mutton":4,"minecraft:diorite":2,"minecraft:diamond_boots":1,"minecraft:oak_planks":4,"minecraft:blackstone":3,"minecraft:sheep_spawn_egg":1,"minecraft:horse_spawn_egg":2,"minecraft:polished_blackstone_bricks":37,"minecraft:cookie":1,"minecraft:crafting_table":5,"minecraft:red_bed":4,"alexscaves:cave_book":1,"minecraft:white_bed":2,"epicpaladins:moonlight_pickaxe":14,"waystones:waystone":1,"minecraft:diamond_pickaxe":247,"minecraft:cracked_polished_blackstone_bricks":80,"minecraft:bread":29,"minecraft:iron_pickaxe":33,"minecraft:pig_spawn_egg":2,"tombstone:magic_scroll":10,"mowziesmobs:sol_visage":1,"minecraft:wooden_sword":34,"minecraft:potion":1,"minecraft:cobblestone":6,"minecraft:chainmail_boots":1,"minecraft:porkchop":8,"epicpaladins:bloodstone_sword":58,"minecraft:andesite":3,"alexsmobs:animal_dictionary":4,"minecraft:jukebox":1},"minecraft:killed_by":{"minecraft:player":3},"minecraft:picked_up":{"born_in_chaos_v1:diamond_termite_shard":8,"minecraft:wheat":6,"minecraft:chainmail_boots":1,"artifacts:bunny_hoppers":1,"minecraft:wooden_pickaxe":1,"minecraft:gold_block":13,"minecraft:potion":3,"epicpaladins:bloodstone_pickaxe":1,"minecraft:enchanted_book":1,"minecraft:chain":2,"minecraft:polished_blackstone_brick_stairs":1,"minecraft:string":1,"minecraft:red_bed":4,"minecraft:item_frame":1,"epicpaladins:bloodstone_gem":7,"minecraft:blackstone":12,"minecraft:cobbled_deepslate":124,"minecraft:spruce_planks":70,"minecraft:beef":3,"minecraft:iron_nugget":15,"minecraft:player_head":2,"minecraft:spruce_slab":38,"minecraft:wooden_shovel":1,"minecraft:iron_pickaxe":1,"minecraft:chest":2,"minecraft:spruce_trapdoor":7,"minecraft:iron_boots":1,"minecraft:golden_helmet":1,"minecraft:stick":25,"iceandfire:dragonbone":6,"mowziesmobs:sol_visage":1,"epicpaladins:arclight_gem":2,"minecraft:acacia_log":1,"tombstone:grave_dust":1,"minecraft:spruce_stairs":17,"minecraft:note_block":6,"minecraft:porkchop":12,"minecraft:polished_blackstone_bricks":103,"iceandfire:crackled_gravel":2,"born_in_chaos_v1:pieceofdarkmetal":3,"minecraft:music_disc_pigstep":1,"minecraft:carrot":2,"minecraft:cookie":1,"minecraft:diorite":2,"epicpaladins:moonlight_gem":40,"minecraft:redstone":5,"minecraft:dark_oak_planks":20,"mowziesmobs:umvuthana_mask_faith":5,"iceandfire:lightning_lily":2,"minecraft:diamond_chestplate":1,"minecraft:arrow":3,"minecraft:rotten_flesh":17,"minecraft:cooked_cod":6,"minecraft:hay_block":25,"minecraft:stripped_dark_oak_wood":6,"minecraft:glistering_melon_slice":3,"minecraft:obsidian":3,"minecraft:white_wool":5,"alexsmobs:flying_fish":2,"minecraft:mossy_cobblestone_slab":4,"minecraft:basalt":5,"minecraft:feather":6,"minecraft:cooked_beef":6,"minecraft:tripwire_hook":13,"minecraft:andesite":3,"irons_spellbooks:silver_ring":1,"paraglider:spirit_orb":4,"minecraft:oak_log":2,"minecraft:tuff":3,"minecraft:golden_boots":1,"minecraft:gunpowder":4,"minecraft:dirt":1,"minecraft:lantern":1,"epicpaladins:bloodstone_sword":1,"minecraft:brown_candle":5,"minecraft:cooked_mutton":5,"irons_spellbooks:hogskin":1,"minecraft:glass":27,"minecraft:bone":19,"minecraft:apple":1,"mowziesmobs:umvuthana_mask_rage":3,"farmersdelight:cooking_pot":1,"minecraft:wheat_seeds":2,"minecraft:iron_ingot":32,"born_in_chaos_v1:chipped_black_argillite_brick":1,"mowziesmobs:umvuthana_mask_misery":1,"minecraft:oak_planks":4,"iceandfire:copper_nugget":74,"mowziesmobs:clawed_log":2,"minecraft:chiseled_polished_blackstone":1,"minecraft:stripped_spruce_log":25,"minecraft:spruce_door":1,"minecraft:white_bed":2,"minecraft:fermented_spider_eye":7,"minecraft:barrel":9,"minecraft:spider_eye":2,"iceandfire:dragonscales_copper":8,"travelersbackpack:standard":1,"born_in_chaos_v1:fire_dust":2,"minecraft:diamond":14,"waystones:waystone":1,"minecraft:cracked_polished_blackstone_bricks":80,"tombstone:magic_scroll":2,"minecraft:stripped_dark_oak_log":22,"minecraft:netherrack":51,"minecraft:coal":1},"minecraft:custom":{"minecraft:mob_kills":52,"minecraft:interact_with_crafting_table":18,"minecraft:open_barrel":43,"minecraft:damage_dealt_resisted":34,"minecraft:leave_game":2,"minecraft:time_since_death":12477,"minecraft:climb_one_cm":6199,"minecraft:damage_resisted":4,"minecraft:sprint_one_cm":978107,"minecraft:walk_one_cm":1303655,"minecraft:damage_blocked_by_shield":2265,"minecraft:drop":108,"minecraft:play_noteblock":12,"minecraft:damage_dealt_absorbed":271,"minecraft:talked_to_villager":3,"minecraft:play_time":215546,"minecraft:deaths":14,"minecraft:sneak_time":7945,"minecraft:walk_under_water_one_cm":19626,"minecraft:jump":4105,"minecraft:interact_with_blast_furnace":1,"minecraft:walk_on_water_one_cm":66898,"minecraft:total_world_time":215546,"minecraft:play_record":1,"minecraft:tune_noteblock":17,"minecraft:interact_with_loom":2,"minecraft:sleep_in_bed":3,"minecraft:time_since_rest":11824,"minecraft:waystone_activated":2,"minecraft:damage_taken":6437,"minecraft:damage_dealt":8436,"minecraft:swim_one_cm":60562,"minecraft:fly_one_cm":1240939,"minecraft:player_kills":3,"minecraft:open_chest":98,"minecraft:crouch_one_cm":39568,"tombstone:undead_killed":24,"minecraft:interact_with_smoker":1,"minecraft:fall_one_cm":155572},"minecraft:killed":{"minecraft:cave_spider":1,"minecraft:spider":3,"alexsmobs:seagull":1,"enemyexpansion:direwolf":3,"born_in_chaos_v1:siamese_skeletonsright":1,"born_in_chaos_v1:zombie_bruiser":1,"born_in_chaos_v1:firelight":1,"minecraft:skeleton":3,"mowziesmobs:umvuthana_crane":1,"alexsmobs:flying_fish":2,"mowziesmobs:umvuthana":1,"enemyexpansion:vampflyer":1,"minecraft:pig":2,"born_in_chaos_v1:baby_skeleton":3,"minecraft:hoglin":1,"minecraft:creeper":1,"born_in_chaos_v1:decrepit_skeleton":2,"minecraft:zombie":11,"born_in_chaos_v1:corpse_fly":10,"born_in_chaos_v1:siamese_skeletonsleft":1,"enemyexpansion:slugger":1},"minecraft:mined":{"minecraft:dark_oak_planks":1,"iceandfire:lightning_lily":1,"alexscaves:spelunkery_table":1,"minecraft:tuff":20,"minecraft:white_bed":2,"minecraft:deepslate_diamond_ore":11,"minecraft:cobbled_deepslate_stairs":4,"mowziesmobs:clawed_log":2,"iceandfire:crackled_gravel":2,"minecraft:spruce_trapdoor":4,"minecraft:obsidian":3,"minecraft:glow_lichen":1,"born_in_chaos_v1:dark_metal_deposit":1,"minecraft:chiseled_polished_blackstone":1,"minecraft:grass_block":2,"born_in_chaos_v1:black_argillite":2,"minecraft:cracked_polished_blackstone_bricks":114,"minecraft:mud_brick_wall":1,"minecraft:gilded_blackstone":2,"minecraft:spawner":1,"epicpaladins:deepslate_arclight_ore":2,"minecraft:hay_block":25,"minecraft:polished_blackstone_bricks":150,"epicpaladins:moonlight_ore":44,"minecraft:mossy_cobblestone_slab":2,"minecraft:barrel":8,"minecraft:fire":3,"minecraft:cobbled_deepslate":3,"minecraft:andesite":4,"minecraft:stripped_spruce_log":26,"iceandfire:crackled_dirt":2,"minecraft:stripped_dark_oak_wood":6,"minecraft:gold_block":11,"minecraft:vine":2,"minecraft:cobblestone_slab":1,"minecraft:lantern":1,"minecraft:stone":7,"minecraft:spruce_slab":24,"minecraft:deepslate_redstone_ore":1,"minecraft:oak_slab":1,"minecraft:glass_pane":1,"minecraft:red_bed":4,"minecraft:blackstone":47,"epicpaladins:deepslate_bloodstone_ore":8,"minecraft:stripped_dark_oak_log":19,"minecraft:basalt":8,"minecraft:spruce_door":1,"minecraft:smooth_sandstone":8,"born_in_chaos_v1:infected_deepslate_diamond_ore":3,"minecraft:note_block":7,"minecraft:calcite":3,"minecraft:chest":2,"minecraft:nether_quartz_ore":6,"minecraft:tall_grass":1,"minecraft:cobblestone":19,"minecraft:polished_blackstone_brick_stairs":4,"minecraft:oak_planks":2,"minecraft:diorite":1,"minecraft:amethyst_block":7,"minecraft:pink_petals":1,"minecraft:spruce_stairs":14,"minecraft:stone_brick_stairs":2,"minecraft:grass":8,"minecraft:oak_log":1,"minecraft:coal_ore":1,"minecraft:dirt":1,"minecraft:brown_candle":2,"minecraft:smooth_basalt":2,"minecraft:terracotta":5,"minecraft:tripwire_hook":1,"minecraft:stone_bricks":7,"minecraft:netherrack":532,"minecraft:mossy_stone_bricks":2,"minecraft:chipped_anvil":1,"minecraft:oak_leaves":4,"minecraft:deepslate":121},"minecraft:crafted":{"minecraft:jukebox":1,"epicpaladins:moonlight_shovel":1,"minecraft:chest":8,"minecraft:diamond_boots":1,"minecraft:dark_oak_planks":100,"minecraft:golden_helmet":1,"minecraft:wheat":219,"epicpaladins:moonlight_sword":1,"minecraft:crafting_table":5,"minecraft:spruce_planks":68,"epicpaladins:moonlight_axe":1,"minecraft:dark_oak_button":4,"minecraft:bread":75,"epicpaladins:moonlight_pickaxe":1,"minecraft:stick":24,"minecraft:iron_pickaxe":1,"minecraft:iron_shovel":1,"minecraft:gold_ingot":126,"minecraft:diamond_chestplate":2},"minecraft:broken":{"minecraft:golden_helmet":1,"minecraft:shield":1,"minecraft:wooden_sword":1},"minecraft:dropped":{"minecraft:golden_boots":1,"minecraft:iron_ingot":24,"minecraft:bread":18,"minecraft:stripped_spruce_log":6,"minecraft:wheat_seeds":2,"minecraft:porkchop":4,"born_in_chaos_v1:shattered_skull":1,"minecraft:oak_log":1,"minecraft:golden_helmet":1,"minecraft:glass_bottle":1,"minecraft:feather":2,"epicpaladins:bloodstone_pickaxe":1,"minecraft:apple":1,"born_in_chaos_v1:pieceofdarkmetal":2,"minecraft:spruce_stairs":3,"minecraft:stick":25,"minecraft:gold_block":1,"irons_spellbooks:silver_ring":1,"minecraft:diorite":3,"farmersdelight:cooking_pot":1,"iceandfire:lightning_lily":1,"tombstone:grave_dust":2,"minecraft:sand":4,"minecraft:iron_pickaxe":2,"artifacts:bunny_hoppers":1,"minecraft:dark_oak_planks":20,"minecraft:fermented_spider_eye":7,"minecraft:white_wool":5,"minecraft:tripwire_hook":4,"minecraft:gold_ingot":5,"minecraft:bone":4,"epicpaladins:moonlight_sword":1,"minecraft:iron_nugget":5,"minecraft:player_head":2,"minecraft:tuff":3,"minecraft:obsidian":1,"minecraft:stripped_dark_oak_log":3,"minecraft:rotten_flesh":8,"born_in_chaos_v1:smoked_flesh":5,"minecraft:sea_pickle":3,"alexscaves:cave_book":1,"minecraft:gunpowder":4,"minecraft:diamond_chestplate":2,"minecraft:spruce_trapdoor":3,"minecraft:spruce_planks":70,"minecraft:diamond_pickaxe":1,"mowziesmobs:clawed_log":2,"minecraft:chainmail_boots":2,"minecraft:wooden_shovel":2,"farmersdelight:rope":13,"minecraft:barrel":1,"minecraft:spruce_slab":15,"minecraft:sandstone":8,"minecraft:glass":27,"minecraft:beef":2,"minecraft:wooden_pickaxe":1,"epicpaladins:bloodstone_sword":1}},"DataVersion":3465}