{"stats":{"minecraft:killed":{"born_in_chaos_v1:zombie_clown":1,"alexsmobs:lobster":15,"minecraft:cave_spider":8,"born_in_chaos_v1:restless_spirit":4,"born_in_chaos_v1:skeleton_demoman":1,"born_in_chaos_v1:door_knight_not_despawn":1,"minecraft:spider":12,"born_in_chaos_v1:baby_skeleton_minion":4,"minecraft:skeleton":12,"minecraft:chicken":6,"alexsmobs:centipede_head":1,"born_in_chaos_v1:supreme_bonescaller_stage_2":1,"minecraft:skeleton_horse":2,"enemyexpansion:vampflyer":1,"minecraft:pig":8,"born_in_chaos_v1:diamond_termite":2,"minecraft:zombie_villager":2,"alexsmobs:seal":1,"minecraft:iron_golem":2,"irons_spellbooks:necromancer":1,"minecraft:creeper":3,"minecraft:sheep":7,"minecraft:donkey":1,"minecraft:zombie":37,"born_in_chaos_v1:corpse_fly":38,"enemyexpansion:botfly":16,"minecraft:stray":2,"born_in_chaos_v1:door_knight":1,"minecraft:cow":10,"minecraft:evoker":2,"alexsmobs:raccoon":7,"enemyexpansion:intruder":1,"minecraft:vindicator":5,"born_in_chaos_v1:skeleton_thrasher_not_despawn":1,"enemyexpansion:direwolf":4,"alexsmobs:sugar_glider":1,"born_in_chaos_v1:maggot":13,"minecraft:horse":3,"mowziesmobs:ferrous_wroughtnaut":1,"alexsmobs:blue_jay":1,"born_in_chaos_v1:corpse_fish":2,"alexsmobs:flying_fish":3,"born_in_chaos_v1:fallen_chaos_knight":1,"born_in_chaos_v1:bone_imp_minion":6,"born_in_chaos_v1:baby_skeleton":1,"alexsmobs:skunk":1,"enemyexpansion:sprinter":2,"born_in_chaos_v1:decrepit_skeleton":6,"born_in_chaos_v1:bloody_gadfly":1,"alexsmobs:cockroach":1,"iceandfire:ghost":3,"alexsmobs:crow":1,"enemyexpansion:slugger":1},"minecraft:crafted":{"epicpaladins:arclight_sword":1,"minecraft:oak_planks":36,"minecraft:cooked_mutton":2,"minecraft:glass":24,"minecraft:diamond_helmet":1,"minecraft:iron_boots":1,"tombstone:grave_key":2,"minecraft:chest":2,"born_in_chaos_v1:mint_candy":24,"minecraft:cooked_porkchop":10,"minecraft:diamond_axe":1,"minecraft:crafting_table":6,"minecraft:spruce_planks":4,"minecraft:iron_helmet":1,"travelersbackpack:standard":1,"minecraft:birch_planks":100,"travelersbackpack:red_sleeping_bag":2,"minecraft:iron_chestplate":1,"epicpaladins:moonlight_pickaxe":2,"minecraft:stick":20,"minecraft:iron_ingot":79,"minecraft:iron_pickaxe":1,"minecraft:shears":1,"minecraft:furnace":1,"minecraft:bone_meal":72,"born_in_chaos_v1:pieceofdarkmetal":18,"travelersbackpack:cake":1,"minecraft:diamond_boots":1,"minecraft:dark_oak_planks":4,"minecraft:wheat":45,"minecraft:cooked_beef":13,"minecraft:sugar":15,"travelersbackpack:backpack_tank":2,"epicpaladins:moonlight_axe":1,"minecraft:bucket":1,"minecraft:bread":21,"minecraft:air":0,"minecraft:golden_apple":4,"epicpaladins:bloodstone_pickaxe":1,"minecraft:iron_leggings":2},"minecraft:custom":{"minecraft:animals_bred":3,"minecraft:interact_with_crafting_table":55,"minecraft:open_barrel":83,"minecraft:eat_cake_slice":3,"minecraft:leave_game":2,"minecraft:time_since_death":22568,"minecraft:sprint_one_cm":1743282,"minecraft:drop":261,"minecraft:play_noteblock":18,"minecraft:talked_to_villager":17,"minecraft:play_time":473525,"minecraft:deaths":32,"tombstone:tomb_raiding":1,"minecraft:jump":9174,"minecraft:interact_with_brewingstand":5,"minecraft:walk_on_water_one_cm":87907,"minecraft:interact_with_furnace":33,"minecraft:play_record":3,"minecraft:interact_with_loom":1,"minecraft:sleep_in_bed":7,"minecraft:waystone_activated":5,"minecraft:damage_dealt":45273,"minecraft:player_kills":5,"minecraft:crouch_one_cm":153003,"tombstone:undead_killed":87,"minecraft:interact_with_smoker":2,"minecraft:interact_with_anvil":7,"minecraft:mob_kills":270,"minecraft:inspect_hopper":1,"minecraft:damage_dealt_resisted":2650,"minecraft:climb_one_cm":8307,"minecraft:walk_one_cm":1774812,"minecraft:damage_dealt_absorbed":380,"minecraft:sneak_time":35783,"minecraft:walk_under_water_one_cm":64708,"minecraft:boat_one_cm":76531,"minecraft:interact_with_lectern":1,"minecraft:total_world_time":473525,"tombstone:raider_killed":20,"minecraft:tune_noteblock":130,"minecraft:time_since_rest":22471,"minecraft:damage_taken":21478,"minecraft:damage_absorbed":88,"tombstone:cast_on_ally":0,"minecraft:swim_one_cm":156830,"minecraft:fly_one_cm":2658094,"minecraft:open_chest":220,"minecraft:fall_one_cm":246086},"minecraft:used":{"epicpaladins:bloodstone_pickaxe":895,"minecraft:moss_block":1,"minecraft:chest":1,"minecraft:iron_sword":221,"minecraft:player_head":4,"minecraft:rotten_flesh":52,"minecraft:mutton":4,"minecraft:carrot":21,"minecraft:tuff":48,"epicpaladins:arclight_sword":22,"minecraft:stripped_spruce_log":1,"born_in_chaos_v1:corpse_maggot":29,"born_in_chaos_v1:smoked_flesh":15,"minecraft:lava_bucket":4,"alexsmobs:lobster_tail":7,"minecraft:red_wool":1,"born_in_chaos_v1:mint_candy":13,"epicpaladins:moonlight_axe":241,"epicfight:diamond_greatsword":11,"minecraft:item_frame":1,"travelersbackpack:red_sleeping_bag":3,"minecraft:redstone_lamp":1,"minecraft:magma_block":5,"minecraft:hay_block":1,"minecraft:furnace":1,"minecraft:oak_sapling":2,"minecraft:egg":6,"minecraft:potato":8,"epicfight:skillbook":3,"minecraft:diorite":3,"minecraft:cow_spawn_egg":2,"minecraft:oak_planks":9,"minecraft:composter":1,"minecraft:diamond_axe":168,"minecraft:glow_berries":86,"minecraft:golden_apple":1,"minecraft:sand":15,"epicpaladins:moonlight_pickaxe":39,"minecraft:note_block":7,"minecraft:shears":5,"waystones:waystone":2,"iceandfire:lightning_dragon_flesh":1,"minecraft:bread":43,"minecraft:melon_slice":68,"tombstone:grave_key":9,"born_in_chaos_v1:river_mint":1,"minecraft:birch_log":4,"minecraft:bone_meal":72,"minecraft:cobweb":8,"alexsmobs:flying_fish_bucket":2,"minecraft:spruce_planks":6,"minecraft:tinted_glass":4,"minecraft:cooked_chicken":1,"minecraft:dirt":27,"tombstone:scroll_of_aquatic_life":4,"minecraft:golden_shovel":11,"minecraft:granite":17,"minecraft:music_disc_mellohi":3,"minecraft:dark_oak_planks":13,"epicfight:iron_greatsword":248,"minecraft:mud_bricks":5,"minecraft:tripwire_hook":24,"minecraft:golden_carrot":7,"tombstone:gift":1,"born_in_chaos_v1:black_argillite_brick_slab":2,"travelersbackpack:cake":4,"minecraft:cooked_beef":13,"minecraft:cobbled_deepslate":432,"minecraft:cooked_mutton":2,"minecraft:water_bucket":241,"minecraft:birch_planks":4,"minecraft:waxed_oxidized_cut_copper":6,"minecraft:spruce_sign":1,"minecraft:glow_item_frame":2,"farmersdelight:onion":14,"minecraft:crafting_table":4,"minecraft:white_bed":2,"bosses_of_mass_destruction:soul_star":1,"mowziesmobs:wrought_axe":9,"tombstone:bag_of_seeds":2,"alexsmobs:flying_fish":2,"minecraft:apple":1,"minecraft:chicken":1,"minecraft:iron_pickaxe":254,"minecraft:leather_helmet":4,"minecraft:cobblestone":259,"minecraft:potion":1,"minecraft:cooked_porkchop":10,"minecraft:porkchop":2,"minecraft:bucket":249,"alexsmobs:animal_dictionary":3},"minecraft:picked_up":{"irons_spellbooks:scroll":5,"minecraft:wheat":5,"minecraft:anvil":1,"minecraft:flower_pot":1,"artifacts:bunny_hoppers":1,"minecraft:enchanted_book":1,"minecraft:wither_rose":1,"minecraft:potion":3,"minecraft:golden_shovel":2,"minecraft:string":14,"minecraft:raw_copper":3,"epicpaladins:bloodstone_gem":4,"irons_spellbooks:arcane_essence":4,"minecraft:bucket":1,"minecraft:cobbled_deepslate":503,"bosses_of_mass_destruction:soul_star":3,"minecraft:waxed_exposed_cut_copper":2,"minecraft:spruce_planks":3,"celestisynth:lunar_stone":1,"minecraft:red_dye":2,"alexsmobs:raccoon_tail":2,"minecraft:melon_slice":215,"farmersdelight:cabbage_seeds":1,"born_in_chaos_v1:shattered_skull":1,"epicpaladins:arclight_gem":13,"epicfight:diamond_greatsword":1,"minecraft:torch":2,"epicfight:skillbook":4,"minecraft:porkchop":14,"iceandfire:rotten_egg":1,"tombstone:grave_dust":13,"minecraft:diorite":6,"epicpaladins:cryorium_gem":5,"minecraft:rotten_flesh":56,"farmersdelight:onion":12,"minecraft:cow_spawn_egg":2,"iceandfire:fire_dragon_heart":1,"minecraft:iron_block":2,"irons_spellbooks:arcane_debris":1,"artifacts:panic_necklace":1,"minecraft:iron_bars":4,"alexsmobs:flying_fish":3,"alexsmobs:lobster_tail":7,"minecraft:cobblestone":166,"minecraft:birch_log":29,"minecraft:magma_block":2,"minecraft:pink_petals":7,"minecraft:feather":7,"minecraft:cooked_beef":1,"minecraft:water_bucket":3,"minecraft:brown_wool":1,"minecraft:potato":6,"paraglider:spirit_orb":37,"minecraft:tuff":55,"born_in_chaos_v1:black_argillite_button":4,"minecraft:lapis_lazuli":22,"minecraft:dirt":37,"born_in_chaos_v1:marigolds":1,"minecraft:bone":28,"epicfight:iron_greatsword":1,"minecraft:wheat_seeds":99,"minecraft:raw_gold":9,"minecraft:moss_block":2,"minecraft:pitcher_pod":2,"minecraft:oak_planks":9,"minecraft:black_terracotta":3,"irons_spellbooks:frozen_bone":7,"iceandfire:pixie_house_birch":1,"minecraft:sand":38,"minecraft:stripped_spruce_log":2,"minecraft:spectral_arrow":16,"minecraft:dark_oak_log":1,"minecraft:bundle":2,"minecraft:dark_prismarine_slab":1,"minecraft:sugar":8,"minecraft:diamond":12,"waystones:waystone":1,"minecraft:granite":38,"minecraft:golden_apple":1,"minecraft:spruce_sign":1,"minecraft:emerald":3,"minecraft:bread":56,"minecraft:oak_sapling":7,"minecraft:light_gray_carpet":3,"minecraft:crimson_roots":5,"iceandfire:raw_silver":4,"minecraft:waxed_oxidized_cut_copper":6,"born_in_chaos_v1:diamond_termite_shard":1,"minecraft:allium":12,"minecraft:ladder":2,"artifacts:night_vision_goggles":3,"minecraft:chicken":4,"born_in_chaos_v1:river_mint":13,"minecraft:redstone_lamp":1,"born_in_chaos_v1:seedof_chaos":3,"minecraft:gold_block":1,"epicpaladins:bloodstone_pickaxe":2,"minecraft:chain":1,"minecraft:oak_trapdoor":6,"minecraft:item_frame":1,"minecraft:white_carpet":11,"iceandfire:ghost_ingot":1,"minecraft:beef":20,"minecraft:tinted_glass":4,"minecraft:player_head":16,"minecraft:chest":25,"minecraft:poppy":4,"minecraft:spruce_slab":2,"minecraft:light_gray_wool":1,"minecraft:sugar_cane":15,"minecraft:egg":7,"iceandfire:dragonbone":5,"minecraft:raw_iron":13,"iceandfire:dragonscales_green":20,"minecraft:glow_item_frame":2,"minecraft:music_disc_mellohi":7,"minecraft:note_block":8,"farmersdelight:tomato_seeds":3,"born_in_chaos_v1:pieceofdarkmetal":23,"minecraft:carrot":13,"minecraft:dark_oak_planks":14,"minecraft:arrow":17,"artifacts:cowboy_hat":1,"minecraft:hay_block":8,"alexscaves:spelunkery_table":1,"minecraft:totem_of_undying":2,"minecraft:glow_berries":112,"minecraft:mutton":6,"minecraft:white_wool":3,"minecraft:rail":1,"minecraft:stripped_oak_log":1,"born_in_chaos_v1:corpse_maggot":39,"minecraft:mud_bricks":6,"minecraft:tripwire_hook":30,"minecraft:leather":14,"travelersbackpack:red_sleeping_bag":2,"irons_spellbooks:silver_ring":1,"minecraft:birch_planks":13,"minecraft:packed_mud":4,"minecraft:oak_log":8,"iceandfire:ectoplasm":2,"mowziesmobs:wrought_axe":2,"minecraft:gunpowder":15,"epicpaladins:moonlight_axe":1,"minecraft:red_carpet":15,"minecraft:apple":1,"travelersbackpack:cake":3,"born_in_chaos_v1:smoked_flesh":15,"minecraft:iron_ingot":22,"minecraft:cooked_chicken":1,"minecraft:cobweb":17,"tombstone:bag_of_seeds":1,"minecraft:gray_bed":1,"iceandfire:fire_dragon_flesh":3,"minecraft:iron_sword":1,"minecraft:book":15,"minecraft:dark_oak_slab":6,"iceandfire:ash":1,"born_in_chaos_v1:orbofthe_summoner":1,"minecraft:red_wool":5,"born_in_chaos_v1:ethereal_spirit":4,"minecraft:torchflower_seeds":2,"mowziesmobs:wrought_helmet":1,"minecraft:white_bed":2,"minecraft:spider_eye":6,"minecraft:leather_helmet":3,"minecraft:pumpkin_seeds":4,"born_in_chaos_v1:black_argillite_brick_slab":4,"minecraft:gray_wool":1,"minecraft:warped_roots":1,"minecraft:terracotta":2,"minecraft:coal":2},"minecraft:broken":{"minecraft:golden_boots":1,"minecraft:iron_boots":1,"minecraft:iron_chestplate":2,"minecraft:golden_shovel":1,"minecraft:iron_leggings":2,"epicfight:iron_greatsword":1,"minecraft:iron_pickaxe":1},"minecraft:mined":{"minecraft:dark_oak_planks":14,"minecraft:spruce_planks":3,"minecraft:white_bed":2,"minecraft:black_terracotta":3,"minecraft:granite":40,"travelersbackpack:red_sleeping_bag":3,"minecraft:grass_block":8,"minecraft:mud_bricks":17,"minecraft:composter":1,"minecraft:spawner":10,"minecraft:light_blue_stained_glass":1,"minecraft:magma_block":2,"born_in_chaos_v1:black_argillite_brick_slab":2,"minecraft:fire":3,"minecraft:iron_ore":12,"minecraft:cobbled_deepslate":43,"minecraft:deepslate_lapis_ore":1,"minecraft:anvil":1,"minecraft:cave_vines":1,"minecraft:iron_bars":2,"born_in_chaos_v1:black_argillite_n":1,"minecraft:iron_block":2,"minecraft:player_head":13,"minecraft:deepslate_redstone_ore":2,"minecraft:torch":1,"minecraft:note_block":7,"irons_spellbooks:arcane_debris":1,"minecraft:melon":33,"minecraft:chest":26,"minecraft:spruce_wall_sign":1,"minecraft:cobblestone":14,"minecraft:sugar_cane":6,"minecraft:oak_planks":2,"minecraft:deepslate_copper_ore":2,"minecraft:chain":1,"minecraft:dark_oak_slab":7,"minecraft:tinted_glass":8,"minecraft:birch_log":29,"epicpaladins:deepslate_cryorium_ore":5,"born_in_chaos_v1:river_mint":16,"minecraft:grass":45,"minecraft:oak_log":8,"minecraft:sand":37,"minecraft:dirt":28,"minecraft:oak_leaves":14,"minecraft:deepslate":555,"minecraft:tuff":75,"iceandfire:silver_ore":3,"minecraft:dark_oak_leaves":9,"minecraft:potted_wither_rose":1,"minecraft:deepslate_diamond_ore":10,"minecraft:dark_oak_log":3,"iceandfire:pixie_house_birch":1,"born_in_chaos_v1:infected_diamond_ore":2,"minecraft:ladder":1,"born_in_chaos_v1:black_argillite":5,"minecraft:moss_block":3,"minecraft:sandstone":1,"epicpaladins:deepslate_arclight_ore":13,"minecraft:hay_block":7,"farmersdelight:wild_onions":7,"minecraft:oak_trapdoor":4,"minecraft:waxed_oxidized_cut_copper":8,"minecraft:packed_mud":13,"minecraft:andesite":34,"minecraft:stripped_spruce_log":1,"minecraft:gold_block":1,"minecraft:bookshelf":27,"minecraft:vine":6,"minecraft:deepslate_iron_ore":1,"minecraft:stripped_oak_log":1,"minecraft:stone":208,"minecraft:glass_pane":4,"born_in_chaos_v1:marigolds":1,"minecraft:red_wool":5,"epicpaladins:deepslate_bloodstone_ore":4,"minecraft:dandelion":1,"minecraft:tall_grass":9,"born_in_chaos_v1:chipped_black_argillite_brick":1,"minecraft:deepslate_gold_ore":9,"minecraft:lapis_ore":3,"minecraft:lily_pad":2,"minecraft:diorite":21,"minecraft:birch_planks":4,"minecraft:white_carpet":2,"minecraft:gray_bed":1,"minecraft:birch_leaves":3,"minecraft:dark_prismarine_slab":1,"minecraft:bee_nest":1,"minecraft:coal_ore":1,"minecraft:gravel":13,"minecraft:cobweb":5,"minecraft:terracotta":2,"minecraft:small_dripleaf":2,"minecraft:waxed_exposed_cut_copper":2,"travelersbackpack:cake":2,"minecraft:fern":1},"minecraft:killed_by":{"minecraft:vex":1,"minecraft:player":2},"minecraft:dropped":{"minecraft:moss_block":1,"minecraft:birch_planks":16,"minecraft:porkchop":2,"born_in_chaos_v1:mint_candy":5,"minecraft:glass_bottle":17,"minecraft:diamond":10,"minecraft:crafting_table":1,"minecraft:dark_oak_slab":3,"minecraft:glow_berries":33,"minecraft:warped_roots":1,"minecraft:leather":2,"iceandfire:ectoplasm":1,"born_in_chaos_v1:pieceofdarkmetal":19,"minecraft:rail":1,"minecraft:leather_helmet":3,"minecraft:red_carpet":15,"paraglider:spirit_orb":13,"artifacts:night_vision_goggles":2,"minecraft:dirt":21,"irons_spellbooks:silver_ring":2,"minecraft:crimson_roots":5,"alexsmobs:flying_fish":1,"irons_spellbooks:arcane_essence":33,"farmersdelight:onion":5,"minecraft:sand":2,"minecraft:sugar":12,"minecraft:glistering_melon_slice":3,"minecraft:dark_oak_planks":3,"epicpaladins:moonlight_axe":1,"alexsmobs:raccoon_tail":2,"minecraft:white_wool":1,"minecraft:cauldron":1,"minecraft:gold_ingot":8,"minecraft:note_block":1,"epicpaladins:moonlight_sword":1,"minecraft:cobbled_deepslate":64,"minecraft:wheat":5,"born_in_chaos_v1:ethereal_spirit":2,"born_in_chaos_v1:smoked_flesh":5,"minecraft:oak_planks":4,"minecraft:light_gray_carpet":3,"minecraft:carrot":4,"bosses_of_mass_destruction:soul_star":1,"minecraft:poppy":4,"minecraft:gunpowder":23,"minecraft:ladder":2,"born_in_chaos_v1:corpse_maggot":1,"minecraft:lingering_potion":1,"irons_spellbooks:arcane_debris":2,"born_in_chaos_v1:diamond_termite_shard":1,"minecraft:spruce_slab":12,"minecraft:iron_bars":4,"minecraft:arrow":13,"born_in_chaos_v1:marigolds":2,"minecraft:egg":6,"farmersdelight:tomato_seeds":3,"minecraft:enchanted_book":2,"minecraft:water_bucket":4,"minecraft:iron_ingot":20,"minecraft:bread":10,"minecraft:wheat_seeds":97,"minecraft:dark_prismarine_slab":1,"minecraft:feather":2,"minecraft:cobblestone":8,"alexscaves:spelunkery_table":1,"epicpaladins:bloodstone_pickaxe":2,"minecraft:spectral_arrow":16,"born_in_chaos_v1:black_argillite_brick_slab":2,"iceandfire:lightning_dragon_flesh":6,"mowziesmobs:wrought_axe":1,"minecraft:stick":4,"irons_spellbooks:scroll":6,"minecraft:cobweb":12,"minecraft:gray_wool":1,"minecraft:diorite":3,"minecraft:brown_wool":1,"minecraft:iron_leggings":1,"warden_curse:sekirobook":1,"minecraft:wither_rose":1,"mowziesmobs:wrought_helmet":2,"minecraft:red_dye":2,"minecraft:iron_shovel":1,"minecraft:string":12,"minecraft:pink_petals":7,"iceandfire:pixie_house_birch":1,"artifacts:bunny_hoppers":2,"minecraft:redstone":7,"minecraft:oak_trapdoor":4,"minecraft:player_head":5,"iceandfire:ghost_ingot":1,"minecraft:raw_copper":3,"minecraft:tuff":5,"farmersdelight:cabbage_seeds":1,"minecraft:chicken":1,"minecraft:white_carpet":2,"minecraft:light_gray_wool":1,"minecraft:iron_boots":1,"minecraft:waxed_exposed_cut_copper":2,"minecraft:torchflower_seeds":1,"minecraft:pumpkin_seeds":4,"minecraft:flower_pot":1,"minecraft:allium":12,"minecraft:diamond_chestplate":1,"minecraft:spruce_planks":1,"minecraft:oak_sapling":5,"minecraft:spider_eye":1,"minecraft:bow":1,"minecraft:magma_block":1,"minecraft:terracotta":2}},"DataVersion":3465}