{"stats":{"minecraft:mined":{"minecraft:dark_oak_planks":14,"minecraft:spruce_planks":3,"minecraft:white_bed":2,"minecraft:black_terracotta":3,"minecraft:granite":40,"travelersbackpack:red_sleeping_bag":3,"minecraft:grass_block":13,"born_in_chaos_v1:dark_metal_deposit":4,"minecraft:mud_bricks":17,"minecraft:composter":1,"minecraft:spawner":11,"minecraft:light_blue_stained_glass":1,"minecraft:magma_block":2,"minecraft:iron_ore":12,"born_in_chaos_v1:black_argillite_brick_slab":2,"minecraft:fire":3,"minecraft:cobbled_deepslate":43,"minecraft:anvil":1,"minecraft:deepslate_lapis_ore":1,"minecraft:cave_vines":2,"minecraft:iron_bars":2,"born_in_chaos_v1:black_argillite_n":1,"minecraft:iron_block":4,"minecraft:player_head":13,"minecraft:deepslate_redstone_ore":2,"minecraft:torch":1,"minecraft:note_block":7,"irons_spellbooks:arcane_debris":1,"minecraft:melon":33,"minecraft:chest":26,"minecraft:spruce_wall_sign":1,"minecraft:cobblestone":16,"minecraft:oak_planks":2,"minecraft:sugar_cane":6,"minecraft:deepslate_copper_ore":2,"minecraft:chain":1,"minecraft:dark_oak_slab":7,"minecraft:tinted_glass":10,"minecraft:birch_log":29,"epicpaladins:deepslate_cryorium_ore":5,"born_in_chaos_v1:river_mint":16,"minecraft:grass":67,"minecraft:oak_log":8,"minecraft:sand":37,"minecraft:dirt":39,"minecraft:oak_leaves":18,"minecraft:deepslate":555,"minecraft:tuff":75,"iceandfire:silver_ore":3,"minecraft:potted_wither_rose":1,"minecraft:dark_oak_leaves":9,"minecraft:deepslate_diamond_ore":10,"farmersdelight:wild_carrots":7,"minecraft:dark_oak_log":3,"iceandfire:pixie_house_birch":1,"born_in_chaos_v1:infected_diamond_ore":2,"minecraft:ladder":1,"born_in_chaos_v1:black_argillite":5,"minecraft:moss_block":3,"minecraft:sandstone":1,"epicpaladins:deepslate_arclight_ore":13,"minecraft:hay_block":7,"farmersdelight:wild_onions":9,"minecraft:oak_trapdoor":4,"minecraft:waxed_oxidized_cut_copper":8,"minecraft:packed_mud":13,"minecraft:andesite":35,"minecraft:stripped_spruce_log":1,"minecraft:gold_block":1,"minecraft:bookshelf":27,"minecraft:deepslate_iron_ore":1,"minecraft:vine":6,"minecraft:stripped_oak_log":1,"minecraft:bone_block":77,"minecraft:stone":239,"minecraft:glass_pane":4,"born_in_chaos_v1:marigolds":1,"minecraft:red_wool":5,"epicpaladins:deepslate_bloodstone_ore":4,"minecraft:dandelion":1,"minecraft:tall_grass":10,"born_in_chaos_v1:chipped_black_argillite_brick":2,"minecraft:lapis_ore":3,"minecraft:deepslate_gold_ore":9,"minecraft:lily_pad":2,"minecraft:diorite":21,"minecraft:birch_planks":10,"minecraft:white_carpet":2,"minecraft:gray_bed":1,"minecraft:birch_leaves":4,"minecraft:dark_prismarine_slab":1,"minecraft:bee_nest":1,"minecraft:coal_ore":1,"minecraft:gravel":13,"minecraft:cobweb":5,"minecraft:terracotta":2,"minecraft:small_dripleaf":2,"minecraft:waxed_exposed_cut_copper":2,"travelersbackpack:cake":2,"minecraft:fern":1},"minecraft:custom":{"minecraft:animals_bred":3,"minecraft:interact_with_crafting_table":59,"minecraft:open_barrel":92,"minecraft:eat_cake_slice":3,"minecraft:leave_game":3,"minecraft:time_since_death":28982,"minecraft:sprint_one_cm":2102646,"minecraft:drop":327,"minecraft:play_noteblock":18,"minecraft:talked_to_villager":17,"minecraft:play_time":553333,"minecraft:deaths":36,"tombstone:tomb_raiding":1,"minecraft:jump":11001,"minecraft:interact_with_brewingstand":5,"minecraft:walk_on_water_one_cm":105549,"minecraft:interact_with_furnace":51,"minecraft:play_record":3,"minecraft:interact_with_loom":1,"minecraft:sleep_in_bed":7,"minecraft:waystone_activated":5,"minecraft:damage_dealt":55332,"minecraft:player_kills":5,"minecraft:crouch_one_cm":172871,"tombstone:undead_killed":107,"minecraft:interact_with_smoker":2,"minecraft:interact_with_anvil":7,"minecraft:mob_kills":321,"minecraft:inspect_hopper":1,"minecraft:damage_dealt_resisted":3505,"minecraft:climb_one_cm":11922,"minecraft:walk_one_cm":2064745,"minecraft:damage_dealt_absorbed":380,"minecraft:sneak_time":40665,"minecraft:walk_under_water_one_cm":67786,"minecraft:boat_one_cm":76531,"minecraft:interact_with_lectern":1,"minecraft:total_world_time":553333,"tombstone:raider_killed":20,"minecraft:tune_noteblock":130,"minecraft:time_since_rest":26822,"minecraft:damage_taken":26153,"minecraft:damage_absorbed":88,"tombstone:cast_on_ally":0,"minecraft:swim_one_cm":184235,"minecraft:fly_one_cm":3274342,"minecraft:open_chest":248,"minecraft:fall_one_cm":301718},"minecraft:dropped":{"minecraft:moss_block":1,"minecraft:birch_planks":20,"minecraft:porkchop":2,"born_in_chaos_v1:mint_candy":5,"minecraft:cooked_beef":9,"minecraft:glass_bottle":17,"minecraft:diamond":10,"minecraft:crafting_table":1,"minecraft:dark_oak_slab":3,"minecraft:glow_berries":58,"minecraft:warped_roots":1,"minecraft:leather":2,"iceandfire:ectoplasm":1,"born_in_chaos_v1:pieceofdarkmetal":19,"minecraft:rail":1,"minecraft:leather_helmet":3,"minecraft:red_carpet":15,"paraglider:spirit_orb":13,"artifacts:night_vision_goggles":2,"minecraft:dirt":44,"irons_spellbooks:silver_ring":2,"minecraft:crimson_roots":5,"alexsmobs:flying_fish":1,"irons_spellbooks:arcane_essence":33,"farmersdelight:onion":5,"iceandfire:ash":1,"minecraft:sand":2,"minecraft:glistering_melon_slice":3,"minecraft:sugar":12,"minecraft:dark_oak_planks":3,"alexsmobs:raccoon_tail":2,"minecraft:white_wool":2,"epicpaladins:moonlight_axe":1,"minecraft:cauldron":1,"minecraft:gold_ingot":8,"minecraft:note_block":1,"epicpaladins:moonlight_sword":1,"minecraft:cobbled_deepslate":64,"minecraft:wheat":5,"born_in_chaos_v1:ethereal_spirit":2,"tombstone:gift":1,"minecraft:rotten_flesh":6,"born_in_chaos_v1:smoked_flesh":5,"minecraft:oak_planks":4,"minecraft:light_gray_carpet":3,"minecraft:carrot":4,"bosses_of_mass_destruction:soul_star":1,"minecraft:poppy":4,"minecraft:tipped_arrow":2,"minecraft:gunpowder":23,"minecraft:lingering_potion":1,"born_in_chaos_v1:corpse_maggot":1,"born_in_chaos_v1:diamond_termite_shard":1,"irons_spellbooks:arcane_debris":2,"minecraft:ladder":2,"minecraft:spruce_slab":12,"minecraft:iron_bars":4,"minecraft:arrow":21,"born_in_chaos_v1:marigolds":2,"minecraft:egg":6,"farmersdelight:tomato_seeds":3,"minecraft:water_bucket":4,"minecraft:enchanted_book":2,"minecraft:bread":10,"minecraft:iron_ingot":20,"minecraft:wheat_seeds":99,"minecraft:cobblestone":18,"minecraft:feather":2,"minecraft:dark_prismarine_slab":1,"alexscaves:spelunkery_table":1,"epicpaladins:bloodstone_pickaxe":2,"minecraft:spectral_arrow":16,"born_in_chaos_v1:black_argillite_brick_slab":2,"iceandfire:lightning_dragon_flesh":6,"mowziesmobs:wrought_axe":1,"minecraft:stick":11,"irons_spellbooks:scroll":6,"minecraft:cobweb":12,"minecraft:gray_wool":1,"minecraft:diorite":3,"tombstone:grave_key":2,"minecraft:brown_wool":1,"minecraft:iron_leggings":1,"warden_curse:sekirobook":1,"mowziesmobs:wrought_helmet":2,"minecraft:wither_rose":1,"minecraft:red_dye":2,"minecraft:bucket":3,"minecraft:iron_shovel":1,"minecraft:string":30,"minecraft:pink_petals":7,"iceandfire:pixie_house_birch":1,"artifacts:bunny_hoppers":2,"minecraft:redstone":7,"minecraft:oak_trapdoor":4,"minecraft:player_head":5,"iceandfire:ghost_ingot":1,"minecraft:raw_copper":3,"minecraft:tuff":5,"farmersdelight:cabbage_seeds":1,"minecraft:chicken":4,"minecraft:white_carpet":2,"minecraft:light_gray_wool":1,"minecraft:iron_boots":1,"minecraft:waxed_exposed_cut_copper":2,"minecraft:torchflower_seeds":1,"minecraft:pumpkin_seeds":4,"minecraft:flower_pot":1,"minecraft:allium":12,"minecraft:diamond_chestplate":1,"minecraft:spruce_planks":1,"minecraft:iron_chestplate":3,"minecraft:oak_sapling":5,"minecraft:spider_eye":1,"minecraft:bow":1,"minecraft:magma_block":2,"minecraft:terracotta":2},"minecraft:killed_by":{"minecraft:vex":1,"minecraft:player":2},"minecraft:used":{"epicpaladins:bloodstone_pickaxe":895,"minecraft:moss_block":1,"minecraft:bone_block":5,"minecraft:chest":1,"minecraft:iron_sword":221,"minecraft:player_head":4,"minecraft:rotten_flesh":52,"minecraft:mutton":4,"minecraft:carrot":36,"minecraft:tuff":48,"minecraft:stripped_spruce_log":1,"epicpaladins:arclight_sword":30,"born_in_chaos_v1:corpse_maggot":29,"born_in_chaos_v1:smoked_flesh":15,"minecraft:lava_bucket":4,"alexsmobs:lobster_tail":7,"minecraft:red_wool":1,"born_in_chaos_v1:mint_candy":19,"epicpaladins:moonlight_axe":326,"epicfight:diamond_greatsword":64,"minecraft:item_frame":1,"travelersbackpack:red_sleeping_bag":3,"minecraft:redstone_lamp":1,"minecraft:magma_block":5,"minecraft:hay_block":1,"minecraft:oak_sapling":2,"minecraft:furnace":3,"minecraft:egg":6,"minecraft:potato":8,"epicfight:skillbook":3,"minecraft:diorite":3,"minecraft:cow_spawn_egg":2,"minecraft:oak_planks":9,"minecraft:ender_pearl":2,"minecraft:composter":1,"minecraft:diamond_axe":168,"minecraft:golden_apple":1,"minecraft:glow_berries":202,"minecraft:sand":15,"minecraft:note_block":7,"epicpaladins:moonlight_pickaxe":169,"minecraft:shears":5,"waystones:waystone":2,"iceandfire:lightning_dragon_flesh":1,"minecraft:melon_slice":68,"minecraft:bread":43,"tombstone:grave_key":9,"born_in_chaos_v1:river_mint":1,"minecraft:birch_log":4,"minecraft:cobweb":8,"minecraft:bone_meal":72,"minecraft:experience_bottle":1,"alexsmobs:flying_fish_bucket":2,"minecraft:spruce_planks":6,"minecraft:tinted_glass":4,"minecraft:cooked_chicken":1,"minecraft:dirt":31,"tombstone:scroll_of_aquatic_life":4,"minecraft:golden_shovel":11,"minecraft:granite":17,"minecraft:dark_oak_planks":13,"minecraft:music_disc_mellohi":3,"epicfight:iron_greatsword":248,"minecraft:mud_bricks":5,"minecraft:tripwire_hook":24,"minecraft:golden_carrot":7,"travelersbackpack:cake":4,"tombstone:gift":1,"born_in_chaos_v1:black_argillite_brick_slab":2,"minecraft:cooked_beef":31,"minecraft:cobbled_deepslate":432,"minecraft:iron_leggings":2,"minecraft:cooked_mutton":2,"minecraft:water_bucket":267,"iceandfire:fire_dragon_flesh":3,"minecraft:birch_planks":47,"minecraft:waxed_oxidized_cut_copper":6,"minecraft:spruce_sign":1,"minecraft:glow_item_frame":2,"farmersdelight:onion":14,"minecraft:crafting_table":5,"minecraft:white_bed":2,"bosses_of_mass_destruction:soul_star":1,"mowziesmobs:wrought_axe":9,"tombstone:bag_of_seeds":2,"alexsmobs:flying_fish":2,"minecraft:apple":1,"minecraft:chicken":1,"minecraft:iron_pickaxe":254,"minecraft:leather_helmet":4,"iceandfire:ash":1,"minecraft:potion":1,"minecraft:cobblestone":272,"minecraft:porkchop":2,"minecraft:cooked_porkchop":10,"minecraft:bucket":274,"minecraft:pumpkin_pie":1,"alexsmobs:animal_dictionary":3,"minecraft:dandelion":1},"minecraft:killed":{"born_in_chaos_v1:zombie_clown":1,"alexsmobs:lobster":15,"minecraft:cave_spider":8,"born_in_chaos_v1:supreme_bonescaller_not_despawn":1,"born_in_chaos_v1:restless_spirit":4,"born_in_chaos_v1:skeleton_demoman":1,"born_in_chaos_v1:door_knight_not_despawn":1,"minecraft:spider":13,"born_in_chaos_v1:baby_skeleton_minion":6,"minecraft:skeleton":14,"minecraft:chicken":11,"alexsmobs:centipede_head":1,"born_in_chaos_v1:supreme_bonescaller_stage_2":1,"minecraft:skeleton_horse":2,"enemyexpansion:vampflyer":1,"minecraft:pig":14,"born_in_chaos_v1:diamond_termite":2,"minecraft:zombie_villager":2,"alexsmobs:seal":1,"minecraft:iron_golem":2,"irons_spellbooks:necromancer":1,"minecraft:creeper":4,"minecraft:sheep":8,"minecraft:donkey":1,"minecraft:zombie":40,"born_in_chaos_v1:corpse_fly":38,"enemyexpansion:botfly":16,"minecraft:stray":9,"born_in_chaos_v1:door_knight":1,"enemyexpansion:wasp":1,"minecraft:cow":21,"minecraft:evoker":2,"alexsmobs:raccoon":7,"enemyexpansion:intruder":1,"minecraft:vindicator":5,"alexsmobs:tasmanian_devil":1,"born_in_chaos_v1:skeleton_thrasher_not_despawn":1,"enemyexpansion:direwolf":4,"alexsmobs:sugar_glider":1,"born_in_chaos_v1:maggot":13,"minecraft:horse":3,"mowziesmobs:ferrous_wroughtnaut":1,"alexsmobs:blue_jay":1,"iceandfire:fire_dragon":1,"alexsmobs:bison":2,"born_in_chaos_v1:corpse_fish":2,"enemyexpansion:goblin":1,"alexsmobs:flying_fish":3,"born_in_chaos_v1:fallen_chaos_knight":1,"born_in_chaos_v1:bone_imp_minion":10,"alexsmobs:skunk":1,"born_in_chaos_v1:baby_skeleton":1,"enemyexpansion:sprinter":3,"born_in_chaos_v1:decrepit_skeleton":6,"born_in_chaos_v1:bloody_gadfly":1,"alexsmobs:cockroach":1,"iceandfire:ghost":3,"alexsmobs:crow":1,"enemyexpansion:slugger":1},"minecraft:picked_up":{"irons_spellbooks:scroll":5,"minecraft:iron_chestplate":2,"minecraft:wheat":5,"minecraft:anvil":1,"minecraft:flower_pot":1,"artifacts:bunny_hoppers":1,"minecraft:potion":3,"minecraft:wither_rose":1,"minecraft:enchanted_book":1,"minecraft:golden_shovel":2,"minecraft:string":23,"minecraft:raw_copper":3,"epicpaladins:bloodstone_gem":4,"minecraft:experience_bottle":1,"irons_spellbooks:arcane_essence":4,"minecraft:gold_nugget":44,"minecraft:cobbled_deepslate":503,"bosses_of_mass_destruction:soul_star":3,"minecraft:bucket":1,"minecraft:waxed_exposed_cut_copper":2,"minecraft:spruce_planks":3,"celestisynth:lunar_stone":1,"minecraft:red_dye":2,"alexsmobs:raccoon_tail":2,"minecraft:melon_slice":215,"farmersdelight:cabbage_seeds":1,"minecraft:tipped_arrow":2,"born_in_chaos_v1:shattered_skull":1,"epicpaladins:arclight_gem":13,"minecraft:torch":2,"epicfight:diamond_greatsword":1,"epicfight:skillbook":4,"minecraft:porkchop":26,"iceandfire:rotten_egg":1,"tombstone:grave_dust":15,"minecraft:diorite":6,"epicpaladins:cryorium_gem":5,"minecraft:rotten_flesh":57,"minecraft:cow_spawn_egg":2,"farmersdelight:onion":12,"iceandfire:fire_dragon_heart":2,"minecraft:iron_block":4,"artifacts:panic_necklace":1,"irons_spellbooks:arcane_debris":1,"minecraft:iron_bars":4,"alexsmobs:lobster_tail":7,"alexsmobs:flying_fish":3,"minecraft:cobblestone":209,"minecraft:birch_log":29,"minecraft:pink_petals":7,"minecraft:magma_block":2,"minecraft:feather":7,"minecraft:cooked_beef":2,"minecraft:water_bucket":3,"minecraft:brown_wool":1,"minecraft:potato":6,"paraglider:spirit_orb":42,"minecraft:tuff":55,"born_in_chaos_v1:black_argillite_button":4,"iceandfire:dragonscales_bronze":5,"minecraft:lapis_lazuli":22,"minecraft:dirt":58,"born_in_chaos_v1:marigolds":1,"minecraft:bone":30,"epicfight:iron_greatsword":1,"minecraft:bow":1,"minecraft:wheat_seeds":101,"minecraft:raw_gold":9,"minecraft:moss_block":2,"minecraft:pitcher_pod":2,"minecraft:oak_planks":9,"minecraft:black_terracotta":3,"irons_spellbooks:frozen_bone":18,"iceandfire:pixie_house_birch":1,"minecraft:sand":38,"minecraft:stripped_spruce_log":2,"minecraft:spectral_arrow":16,"minecraft:dark_oak_log":1,"minecraft:bundle":2,"minecraft:dark_prismarine_slab":1,"minecraft:sugar":8,"born_in_chaos_v1:fire_dust":1,"minecraft:diamond":12,"waystones:waystone":1,"minecraft:granite":38,"minecraft:golden_apple":1,"minecraft:spruce_sign":1,"minecraft:emerald":3,"minecraft:bread":56,"minecraft:oak_sapling":7,"minecraft:light_gray_carpet":3,"minecraft:crimson_roots":5,"iceandfire:raw_silver":4,"minecraft:waxed_oxidized_cut_copper":6,"born_in_chaos_v1:diamond_termite_shard":1,"minecraft:allium":12,"minecraft:chicken":12,"artifacts:night_vision_goggles":3,"minecraft:ladder":2,"born_in_chaos_v1:river_mint":13,"born_in_chaos_v1:seedof_chaos":3,"minecraft:redstone_lamp":1,"epicpaladins:bloodstone_pickaxe":2,"minecraft:gold_block":1,"minecraft:chain":1,"minecraft:oak_trapdoor":6,"minecraft:item_frame":1,"minecraft:white_carpet":11,"iceandfire:ghost_ingot":1,"minecraft:beef":50,"minecraft:player_head":16,"minecraft:poppy":4,"minecraft:light_gray_wool":1,"minecraft:spruce_slab":2,"minecraft:tinted_glass":6,"minecraft:sugar_cane":15,"minecraft:chest":25,"minecraft:egg":7,"minecraft:raw_iron":13,"iceandfire:dragonbone":5,"iceandfire:dragonscales_green":20,"minecraft:glow_item_frame":2,"minecraft:music_disc_mellohi":7,"minecraft:note_block":8,"farmersdelight:tomato_seeds":3,"born_in_chaos_v1:pieceofdarkmetal":30,"minecraft:carrot":19,"minecraft:dark_oak_planks":14,"minecraft:arrow":23,"artifacts:cowboy_hat":1,"minecraft:pumpkin_pie":1,"minecraft:hay_block":8,"alexscaves:spelunkery_table":1,"minecraft:totem_of_undying":2,"minecraft:glow_berries":193,"minecraft:mutton":8,"minecraft:bone_block":81,"minecraft:rail":1,"minecraft:white_wool":4,"minecraft:stripped_oak_log":1,"born_in_chaos_v1:corpse_maggot":39,"minecraft:mud_bricks":6,"minecraft:tripwire_hook":30,"minecraft:leather":14,"travelersbackpack:red_sleeping_bag":2,"irons_spellbooks:silver_ring":1,"minecraft:birch_planks":21,"minecraft:packed_mud":4,"minecraft:oak_log":8,"iceandfire:ectoplasm":2,"minecraft:gunpowder":15,"mowziesmobs:wrought_axe":2,"epicpaladins:moonlight_axe":1,"minecraft:red_carpet":15,"minecraft:apple":1,"travelersbackpack:cake":3,"born_in_chaos_v1:smoked_flesh":15,"minecraft:iron_ingot":22,"minecraft:cooked_chicken":1,"minecraft:cobweb":17,"tombstone:bag_of_seeds":1,"minecraft:gray_bed":1,"minecraft:iron_sword":1,"iceandfire:fire_dragon_flesh":7,"minecraft:book":15,"minecraft:dark_oak_slab":6,"minecraft:red_wool":5,"born_in_chaos_v1:orbofthe_summoner":1,"iceandfire:ash":2,"born_in_chaos_v1:ethereal_spirit":4,"minecraft:dandelion":1,"minecraft:torchflower_seeds":2,"mowziesmobs:wrought_helmet":1,"minecraft:white_bed":2,"minecraft:spider_eye":6,"minecraft:leather_helmet":3,"minecraft:pumpkin_seeds":4,"born_in_chaos_v1:black_argillite_brick_slab":4,"minecraft:gray_wool":1,"minecraft:warped_roots":1,"minecraft:terracotta":2,"minecraft:coal":4},"minecraft:crafted":{"epicpaladins:arclight_sword":1,"minecraft:oak_planks":36,"minecraft:cooked_mutton":2,"minecraft:glass":24,"minecraft:diamond_helmet":1,"minecraft:iron_boots":1,"tombstone:grave_key":2,"minecraft:chest":2,"born_in_chaos_v1:mint_candy":24,"minecraft:cooked_porkchop":10,"minecraft:diamond_axe":1,"minecraft:crafting_table":7,"minecraft:spruce_planks":4,"travelersbackpack:standard":1,"minecraft:iron_helmet":1,"minecraft:birch_planks":100,"travelersbackpack:red_sleeping_bag":2,"epicpaladins:moonlight_pickaxe":2,"minecraft:iron_chestplate":1,"minecraft:stick":20,"minecraft:iron_ingot":115,"minecraft:iron_pickaxe":1,"minecraft:shears":1,"minecraft:furnace":3,"minecraft:bone_meal":120,"born_in_chaos_v1:pieceofdarkmetal":18,"travelersbackpack:cake":1,"minecraft:diamond_boots":1,"minecraft:dark_oak_planks":4,"minecraft:wheat":45,"minecraft:cooked_beef":52,"minecraft:sugar":15,"travelersbackpack:backpack_tank":2,"epicpaladins:moonlight_axe":1,"minecraft:bucket":1,"minecraft:bread":21,"minecraft:air":0,"minecraft:golden_apple":4,"epicpaladins:bloodstone_pickaxe":1,"minecraft:iron_leggings":2},"minecraft:broken":{"minecraft:golden_boots":1,"minecraft:diamond_helmet":1,"minecraft:iron_boots":1,"minecraft:iron_chestplate":2,"minecraft:golden_shovel":1,"minecraft:iron_leggings":2,"minecraft:diamond_boots":1,"epicfight:iron_greatsword":1,"minecraft:iron_pickaxe":1}},"DataVersion":3465}