{"stats":{"minecraft:crafted":{"minecraft:oak_planks":36,"minecraft:glass":24,"minecraft:diamond_helmet":1,"tombstone:grave_key":2,"minecraft:chest":2,"minecraft:diamond_axe":1,"minecraft:crafting_table":4,"travelersbackpack:standard":1,"travelersbackpack:red_sleeping_bag":2,"minecraft:stick":12,"minecraft:iron_pickaxe":1,"minecraft:shears":1,"travelersbackpack:cake":1,"minecraft:diamond_boots":1,"minecraft:wheat":45,"minecraft:sugar":4,"travelersbackpack:backpack_tank":2,"minecraft:bread":16,"minecraft:air":0},"minecraft:killed":{"born_in_chaos_v1:zombie_clown":1,"alexsmobs:lobster":15,"minecraft:cave_spider":1,"born_in_chaos_v1:restless_spirit":4,"born_in_chaos_v1:skeleton_demoman":1,"born_in_chaos_v1:door_knight_not_despawn":1,"minecraft:spider":4,"born_in_chaos_v1:baby_skeleton_minion":3,"minecraft:skeleton":8,"minecraft:chicken":5,"alexsmobs:centipede_head":1,"minecraft:skeleton_horse":2,"enemyexpansion:vampflyer":1,"minecraft:pig":6,"born_in_chaos_v1:diamond_termite":2,"minecraft:zombie_villager":2,"alexsmobs:seal":1,"minecraft:iron_golem":1,"irons_spellbooks:necromancer":1,"minecraft:creeper":2,"minecraft:sheep":6,"minecraft:donkey":1,"minecraft:zombie":28,"born_in_chaos_v1:corpse_fly":38,"enemyexpansion:botfly":14,"minecraft:cow":10,"alexsmobs:raccoon":6,"enemyexpansion:direwolf":4,"alexsmobs:sugar_glider":1,"born_in_chaos_v1:maggot":12,"minecraft:horse":1,"mowziesmobs:ferrous_wroughtnaut":1,"alexsmobs:blue_jay":1,"born_in_chaos_v1:corpse_fish":2,"alexsmobs:flying_fish":3,"born_in_chaos_v1:fallen_chaos_knight":1,"born_in_chaos_v1:baby_skeleton":1,"alexsmobs:skunk":1,"enemyexpansion:sprinter":2,"born_in_chaos_v1:decrepit_skeleton":5,"born_in_chaos_v1:bloody_gadfly":1,"alexsmobs:cockroach":1,"alexsmobs:crow":1},"minecraft:custom":{"minecraft:animals_bred":3,"minecraft:interact_with_crafting_table":32,"minecraft:open_barrel":73,"minecraft:eat_cake_slice":3,"minecraft:leave_game":2,"minecraft:time_since_death":485,"minecraft:sprint_one_cm":1138360,"minecraft:drop":104,"minecraft:play_noteblock":13,"minecraft:talked_to_villager":5,"minecraft:play_time":251525,"minecraft:deaths":22,"minecraft:jump":6298,"minecraft:interact_with_brewingstand":5,"minecraft:walk_on_water_one_cm":58665,"minecraft:interact_with_furnace":10,"minecraft:interact_with_loom":1,"minecraft:sleep_in_bed":7,"minecraft:waystone_activated":4,"minecraft:damage_dealt":30459,"minecraft:player_kills":2,"minecraft:crouch_one_cm":57949,"tombstone:undead_killed":57,"minecraft:interact_with_smoker":1,"minecraft:mob_kills":204,"minecraft:inspect_hopper":1,"minecraft:damage_dealt_resisted":91,"minecraft:climb_one_cm":1686,"minecraft:walk_one_cm":1137926,"minecraft:damage_dealt_absorbed":240,"minecraft:sneak_time":11985,"minecraft:walk_under_water_one_cm":32630,"minecraft:boat_one_cm":76531,"minecraft:interact_with_lectern":1,"minecraft:total_world_time":251525,"tombstone:raider_killed":13,"minecraft:tune_noteblock":94,"minecraft:time_since_rest":282,"minecraft:damage_taken":10647,"minecraft:damage_absorbed":40,"minecraft:swim_one_cm":109177,"minecraft:fly_one_cm":1794671,"minecraft:open_chest":71,"minecraft:fall_one_cm":162950},"minecraft:picked_up":{"minecraft:wheat":5,"minecraft:anvil":1,"minecraft:flower_pot":1,"artifacts:bunny_hoppers":1,"minecraft:wither_rose":1,"minecraft:potion":3,"minecraft:golden_shovel":2,"minecraft:string":1,"minecraft:raw_copper":3,"epicpaladins:bloodstone_gem":4,"irons_spellbooks:arcane_essence":4,"minecraft:cobbled_deepslate":46,"minecraft:spruce_planks":1,"celestisynth:lunar_stone":1,"minecraft:red_dye":2,"alexsmobs:raccoon_tail":1,"minecraft:melon_slice":70,"farmersdelight:cabbage_seeds":1,"epicpaladins:arclight_gem":13,"minecraft:torch":2,"epicfight:skillbook":4,"minecraft:porkchop":10,"iceandfire:rotten_egg":1,"tombstone:grave_dust":6,"minecraft:diorite":6,"epicpaladins:cryorium_gem":5,"minecraft:rotten_flesh":44,"farmersdelight:onion":12,"minecraft:cow_spawn_egg":2,"artifacts:panic_necklace":1,"minecraft:iron_bars":4,"alexsmobs:flying_fish":3,"alexsmobs:lobster_tail":7,"minecraft:cobblestone":104,"minecraft:pink_petals":7,"minecraft:feather":5,"minecraft:water_bucket":1,"minecraft:brown_wool":1,"minecraft:potato":3,"paraglider:spirit_orb":10,"minecraft:tuff":7,"minecraft:lapis_lazuli":22,"minecraft:dirt":21,"born_in_chaos_v1:marigolds":1,"minecraft:bone":18,"epicfight:iron_greatsword":1,"minecraft:wheat_seeds":97,"minecraft:oak_planks":9,"iceandfire:pixie_house_birch":1,"minecraft:sand":38,"minecraft:stripped_spruce_log":1,"minecraft:bundle":1,"minecraft:diamond":8,"waystones:waystone":1,"minecraft:granite":38,"minecraft:spruce_sign":1,"minecraft:bread":55,"minecraft:oak_sapling":4,"iceandfire:raw_silver":4,"born_in_chaos_v1:diamond_termite_shard":1,"minecraft:allium":12,"artifacts:night_vision_goggles":3,"minecraft:chicken":4,"born_in_chaos_v1:river_mint":10,"minecraft:gold_block":1,"epicpaladins:bloodstone_pickaxe":2,"minecraft:oak_trapdoor":4,"minecraft:item_frame":1,"minecraft:beef":20,"minecraft:player_head":15,"minecraft:poppy":2,"minecraft:spruce_slab":1,"minecraft:light_gray_wool":1,"minecraft:sugar_cane":4,"minecraft:egg":7,"minecraft:note_block":4,"farmersdelight:tomato_seeds":3,"born_in_chaos_v1:pieceofdarkmetal":3,"minecraft:carrot":1,"minecraft:arrow":7,"artifacts:cowboy_hat":1,"minecraft:hay_block":8,"alexscaves:spelunkery_table":1,"minecraft:mutton":4,"minecraft:white_wool":3,"minecraft:rail":1,"minecraft:stripped_oak_log":1,"born_in_chaos_v1:corpse_maggot":38,"minecraft:tripwire_hook":30,"minecraft:leather":12,"travelersbackpack:red_sleeping_bag":2,"minecraft:oak_log":8,"mowziesmobs:wrought_axe":2,"minecraft:gunpowder":14,"minecraft:apple":1,"travelersbackpack:cake":1,"born_in_chaos_v1:smoked_flesh":13,"minecraft:iron_ingot":4,"minecraft:cobweb":17,"tombstone:bag_of_seeds":1,"minecraft:gray_bed":1,"minecraft:iron_sword":1,"minecraft:book":15,"minecraft:red_wool":5,"born_in_chaos_v1:ethereal_spirit":4,"minecraft:torchflower_seeds":2,"mowziesmobs:wrought_helmet":1,"minecraft:white_bed":2,"minecraft:spider_eye":2,"minecraft:leather_helmet":3,"minecraft:pumpkin_seeds":4,"minecraft:gray_wool":1,"minecraft:warped_roots":1,"minecraft:coal":2},"minecraft:used":{"epicpaladins:bloodstone_pickaxe":96,"minecraft:chest":1,"minecraft:iron_sword":221,"minecraft:player_head":4,"minecraft:rotten_flesh":49,"minecraft:mutton":4,"minecraft:carrot":4,"born_in_chaos_v1:corpse_maggot":29,"born_in_chaos_v1:smoked_flesh":13,"alexsmobs:lobster_tail":7,"minecraft:red_wool":1,"minecraft:item_frame":1,"travelersbackpack:red_sleeping_bag":3,"minecraft:hay_block":1,"minecraft:oak_sapling":2,"minecraft:egg":5,"minecraft:potato":3,"epicfight:skillbook":2,"minecraft:diorite":3,"minecraft:cow_spawn_egg":2,"minecraft:oak_planks":9,"minecraft:diamond_axe":144,"minecraft:golden_apple":1,"minecraft:sand":15,"minecraft:note_block":3,"minecraft:shears":5,"waystones:waystone":1,"minecraft:bread":37,"minecraft:melon_slice":20,"tombstone:grave_key":5,"born_in_chaos_v1:river_mint":1,"minecraft:cobweb":8,"alexsmobs:flying_fish_bucket":2,"minecraft:dirt":19,"minecraft:golden_shovel":11,"minecraft:granite":17,"epicfight:iron_greatsword":160,"minecraft:tripwire_hook":24,"travelersbackpack:cake":4,"minecraft:cobbled_deepslate":110,"minecraft:water_bucket":124,"minecraft:spruce_sign":1,"farmersdelight:onion":14,"minecraft:crafting_table":3,"minecraft:white_bed":2,"mowziesmobs:wrought_axe":9,"tombstone:bag_of_seeds":2,"alexsmobs:flying_fish":2,"minecraft:apple":1,"minecraft:chicken":1,"minecraft:iron_pickaxe":251,"minecraft:leather_helmet":4,"minecraft:cobblestone":202,"minecraft:potion":1,"minecraft:porkchop":2,"minecraft:bucket":125,"alexsmobs:animal_dictionary":3},"minecraft:broken":{"minecraft:golden_boots":1,"minecraft:iron_boots":1,"minecraft:iron_chestplate":1,"minecraft:golden_shovel":1,"minecraft:iron_leggings":1,"minecraft:iron_pickaxe":1},"minecraft:mined":{"minecraft:white_bed":2,"minecraft:granite":39,"travelersbackpack:red_sleeping_bag":3,"minecraft:grass_block":3,"minecraft:composter":1,"minecraft:spawner":3,"minecraft:light_blue_stained_glass":1,"minecraft:cobbled_deepslate":6,"minecraft:deepslate_lapis_ore":1,"minecraft:anvil":1,"minecraft:cave_vines":1,"minecraft:iron_bars":2,"minecraft:player_head":13,"minecraft:torch":1,"minecraft:note_block":4,"minecraft:melon":17,"minecraft:spruce_wall_sign":1,"minecraft:sugar_cane":2,"minecraft:oak_planks":2,"minecraft:deepslate_copper_ore":2,"epicpaladins:deepslate_cryorium_ore":5,"born_in_chaos_v1:river_mint":13,"minecraft:grass":41,"minecraft:oak_log":8,"minecraft:sand":37,"minecraft:dirt":15,"minecraft:oak_leaves":14,"minecraft:deepslate":45,"minecraft:tuff":12,"iceandfire:silver_ore":3,"minecraft:dark_oak_leaves":7,"minecraft:potted_wither_rose":1,"minecraft:deepslate_diamond_ore":6,"iceandfire:pixie_house_birch":1,"born_in_chaos_v1:infected_diamond_ore":2,"minecraft:sandstone":1,"epicpaladins:deepslate_arclight_ore":13,"minecraft:hay_block":7,"farmersdelight:wild_onions":7,"minecraft:oak_trapdoor":4,"minecraft:andesite":5,"minecraft:gold_block":1,"minecraft:bookshelf":6,"minecraft:stripped_oak_log":1,"minecraft:stone":158,"born_in_chaos_v1:marigolds":1,"minecraft:red_wool":5,"epicpaladins:deepslate_bloodstone_ore":4,"minecraft:dandelion":1,"minecraft:tall_grass":6,"minecraft:lapis_ore":3,"minecraft:diorite":18,"minecraft:gray_bed":1,"minecraft:birch_leaves":3,"minecraft:bee_nest":1,"minecraft:coal_ore":1,"minecraft:gravel":1,"minecraft:cobweb":5,"travelersbackpack:cake":1,"minecraft:fern":1},"minecraft:killed_by":{"minecraft:player":2},"minecraft:dropped":{"minecraft:porkchop":1,"minecraft:glass_bottle":17,"minecraft:warped_roots":1,"minecraft:rail":1,"minecraft:leather_helmet":3,"artifacts:night_vision_goggles":2,"minecraft:dirt":3,"alexsmobs:flying_fish":1,"minecraft:sand":2,"minecraft:sugar":2,"minecraft:glistering_melon_slice":3,"minecraft:white_wool":1,"minecraft:cauldron":1,"minecraft:gold_ingot":8,"minecraft:note_block":1,"minecraft:wheat":5,"born_in_chaos_v1:ethereal_spirit":2,"minecraft:oak_planks":4,"minecraft:poppy":2,"minecraft:gunpowder":22,"minecraft:lingering_potion":1,"born_in_chaos_v1:diamond_termite_shard":1,"minecraft:iron_bars":4,"minecraft:arrow":7,"farmersdelight:tomato_seeds":3,"minecraft:water_bucket":1,"minecraft:bread":10,"minecraft:wheat_seeds":89,"minecraft:feather":2,"minecraft:cobblestone":7,"alexscaves:spelunkery_table":1,"epicpaladins:bloodstone_pickaxe":1,"mowziesmobs:wrought_axe":1,"minecraft:stick":4,"minecraft:cobweb":12,"minecraft:gray_wool":1,"minecraft:diorite":3,"minecraft:brown_wool":1,"warden_curse:sekirobook":1,"minecraft:wither_rose":1,"mowziesmobs:wrought_helmet":1,"minecraft:red_dye":2,"minecraft:string":8,"minecraft:pink_petals":7,"artifacts:bunny_hoppers":1,"minecraft:player_head":4,"minecraft:raw_copper":3,"minecraft:tuff":5,"farmersdelight:cabbage_seeds":1,"minecraft:chicken":1,"minecraft:light_gray_wool":1,"minecraft:torchflower_seeds":1,"minecraft:pumpkin_seeds":4,"minecraft:flower_pot":1,"minecraft:oak_sapling":1,"minecraft:spider_eye":1}},"DataVersion":3465}