{"stats":{"minecraft:picked_up":{"born_in_chaos_v1:diamond_termite_shard":1,"minecraft:wheat":5,"minecraft:flower_pot":1,"minecraft:anvil":1,"artifacts:bunny_hoppers":1,"epicpaladins:bloodstone_pickaxe":1,"minecraft:wither_rose":1,"minecraft:gold_block":1,"minecraft:potion":3,"minecraft:golden_shovel":2,"minecraft:item_frame":1,"irons_spellbooks:arcane_essence":4,"minecraft:cobbled_deepslate":5,"minecraft:beef":3,"minecraft:red_dye":2,"minecraft:player_head":15,"minecraft:sugar_cane":4,"minecraft:egg":5,"epicpaladins:arclight_gem":12,"minecraft:torch":2,"minecraft:note_block":4,"minecraft:porkchop":1,"minecraft:diorite":2,"born_in_chaos_v1:pieceofdarkmetal":1,"minecraft:rotten_flesh":11,"epicpaladins:cryorium_gem":5,"minecraft:arrow":3,"artifacts:cowboy_hat":1,"farmersdelight:onion":5,"minecraft:cow_spawn_egg":2,"minecraft:hay_block":8,"alexscaves:spelunkery_table":1,"minecraft:iron_bars":2,"minecraft:cobblestone":21,"minecraft:mutton":1,"alexsmobs:lobster_tail":7,"alexsmobs:flying_fish":3,"minecraft:white_wool":2,"born_in_chaos_v1:corpse_maggot":6,"minecraft:feather":1,"minecraft:tripwire_hook":30,"minecraft:water_bucket":1,"minecraft:leather":2,"travelersbackpack:red_sleeping_bag":2,"minecraft:potato":3,"paraglider:spirit_orb":2,"minecraft:tuff":2,"minecraft:oak_log":7,"minecraft:gunpowder":8,"minecraft:lapis_lazuli":7,"minecraft:dirt":2,"minecraft:bone":7,"minecraft:apple":1,"travelersbackpack:cake":1,"minecraft:wheat_seeds":10,"born_in_chaos_v1:smoked_flesh":13,"minecraft:gray_bed":1,"minecraft:iron_sword":1,"minecraft:oak_planks":8,"minecraft:book":15,"minecraft:red_wool":5,"minecraft:sand":38,"minecraft:leather_helmet":3,"minecraft:bundle":1,"minecraft:diamond":6,"waystones:waystone":1,"minecraft:granite":33,"minecraft:spruce_sign":1,"minecraft:bread":7,"minecraft:warped_roots":1,"minecraft:oak_sapling":1,"iceandfire:raw_silver":4},"minecraft:dropped":{"minecraft:water_bucket":1,"minecraft:bread":10,"minecraft:porkchop":1,"minecraft:wheat_seeds":9,"minecraft:glass_bottle":17,"minecraft:cobblestone":2,"minecraft:warped_roots":1,"minecraft:leather_helmet":3,"minecraft:stick":2,"alexsmobs:flying_fish":1,"warden_curse:sekirobook":1,"minecraft:wither_rose":1,"minecraft:sand":2,"minecraft:red_dye":2,"minecraft:glistering_melon_slice":3,"minecraft:string":7,"artifacts:bunny_hoppers":1,"minecraft:gold_ingot":8,"minecraft:cauldron":1,"minecraft:note_block":1,"minecraft:player_head":4,"minecraft:flower_pot":1,"minecraft:gunpowder":8,"minecraft:lingering_potion":1,"born_in_chaos_v1:diamond_termite_shard":1,"minecraft:oak_sapling":1,"minecraft:arrow":3},"minecraft:broken":{"minecraft:golden_boots":1,"minecraft:golden_shovel":1},"minecraft:custom":{"minecraft:mob_kills":62,"minecraft:animals_bred":3,"minecraft:inspect_hopper":1,"minecraft:interact_with_crafting_table":27,"minecraft:open_barrel":56,"minecraft:damage_dealt_resisted":8,"minecraft:eat_cake_slice":3,"minecraft:leave_game":2,"minecraft:time_since_death":2540,"minecraft:climb_one_cm":295,"minecraft:sprint_one_cm":585159,"minecraft:walk_one_cm":592440,"minecraft:drop":53,"minecraft:play_noteblock":13,"minecraft:damage_dealt_absorbed":24,"minecraft:talked_to_villager":3,"minecraft:play_time":143661,"minecraft:deaths":11,"minecraft:sneak_time":6297,"minecraft:walk_under_water_one_cm":23001,"minecraft:interact_with_lectern":1,"minecraft:boat_one_cm":76531,"minecraft:interact_with_brewingstand":5,"minecraft:jump":3081,"minecraft:walk_on_water_one_cm":41765,"minecraft:total_world_time":143661,"minecraft:interact_with_furnace":8,"tombstone:raider_killed":5,"minecraft:tune_noteblock":94,"minecraft:interact_with_loom":1,"minecraft:sleep_in_bed":6,"minecraft:time_since_rest":2505,"minecraft:waystone_activated":3,"minecraft:damage_taken":5631,"minecraft:damage_dealt":9500,"minecraft:swim_one_cm":92751,"minecraft:fly_one_cm":886681,"minecraft:player_kills":2,"minecraft:open_chest":55,"minecraft:crouch_one_cm":36300,"tombstone:undead_killed":16,"minecraft:interact_with_smoker":1,"minecraft:fall_one_cm":77326},"minecraft:crafted":{"minecraft:oak_planks":20,"minecraft:glass":24,"travelersbackpack:cake":1,"tombstone:grave_key":2,"minecraft:chest":2,"minecraft:wheat":45,"minecraft:sugar":4,"minecraft:crafting_table":2,"travelersbackpack:backpack_tank":2,"travelersbackpack:standard":1,"minecraft:bread":16,"minecraft:air":0,"travelersbackpack:red_sleeping_bag":2,"minecraft:stick":8,"minecraft:iron_pickaxe":1},"minecraft:mined":{"minecraft:tuff":2,"iceandfire:silver_ore":2,"minecraft:deepslate_diamond_ore":4,"minecraft:potted_wither_rose":1,"born_in_chaos_v1:infected_diamond_ore":2,"minecraft:granite":35,"travelersbackpack:red_sleeping_bag":3,"minecraft:spawner":1,"minecraft:light_blue_stained_glass":1,"epicpaladins:deepslate_arclight_ore":12,"minecraft:hay_block":7,"minecraft:cobbled_deepslate":3,"minecraft:deepslate_lapis_ore":1,"minecraft:anvil":1,"minecraft:gold_block":1,"minecraft:bookshelf":6,"minecraft:iron_bars":2,"minecraft:stone":13,"minecraft:player_head":13,"minecraft:red_wool":5,"minecraft:torch":1,"minecraft:note_block":4,"minecraft:spruce_wall_sign":1,"minecraft:sugar_cane":2,"minecraft:oak_planks":2,"epicpaladins:deepslate_cryorium_ore":5,"minecraft:gray_bed":1,"minecraft:birch_leaves":3,"born_in_chaos_v1:river_mint":3,"minecraft:bee_nest":1,"minecraft:grass":28,"minecraft:oak_log":7,"minecraft:gravel":1,"minecraft:sand":35,"minecraft:dirt":1,"minecraft:oak_leaves":3,"travelersbackpack:cake":1,"minecraft:deepslate":2},"minecraft:used":{"epicpaladins:bloodstone_pickaxe":12,"alexsmobs:flying_fish_bucket":2,"minecraft:chest":1,"minecraft:iron_sword":213,"minecraft:player_head":4,"minecraft:rotten_flesh":16,"minecraft:mutton":1,"minecraft:carrot":4,"minecraft:golden_shovel":11,"minecraft:granite":17,"born_in_chaos_v1:corpse_maggot":4,"born_in_chaos_v1:smoked_flesh":13,"alexsmobs:lobster_tail":7,"minecraft:red_wool":1,"minecraft:item_frame":1,"minecraft:tripwire_hook":24,"travelersbackpack:red_sleeping_bag":3,"minecraft:hay_block":1,"travelersbackpack:cake":4,"minecraft:egg":3,"minecraft:cobbled_deepslate":68,"minecraft:water_bucket":57,"minecraft:cow_spawn_egg":2,"minecraft:oak_planks":5,"minecraft:spruce_sign":1,"farmersdelight:onion":12,"minecraft:sand":15,"minecraft:crafting_table":1,"minecraft:note_block":3,"alexsmobs:flying_fish":2,"waystones:waystone":1,"minecraft:apple":1,"minecraft:bread":13,"minecraft:iron_pickaxe":78,"minecraft:leather_helmet":4,"tombstone:grave_key":1,"minecraft:cobblestone":103,"minecraft:potion":1,"minecraft:bucket":56,"alexsmobs:animal_dictionary":3},"minecraft:killed_by":{"minecraft:player":2},"minecraft:killed":{"alexsmobs:lobster":14,"born_in_chaos_v1:restless_spirit":1,"alexsmobs:raccoon":2,"minecraft:spider":1,"enemyexpansion:direwolf":2,"alexsmobs:sugar_glider":1,"born_in_chaos_v1:maggot":2,"minecraft:skeleton":1,"alexsmobs:blue_jay":1,"minecraft:chicken":1,"born_in_chaos_v1:corpse_fish":1,"alexsmobs:centipede_head":1,"alexsmobs:flying_fish":3,"minecraft:pig":1,"born_in_chaos_v1:diamond_termite":2,"born_in_chaos_v1:baby_skeleton":1,"alexsmobs:seal":1,"enemyexpansion:sprinter":1,"irons_spellbooks:necromancer":1,"born_in_chaos_v1:decrepit_skeleton":2,"minecraft:sheep":2,"minecraft:zombie":10,"born_in_chaos_v1:corpse_fly":8,"enemyexpansion:botfly":1,"minecraft:cow":1}},"DataVersion":3465}