{"stats":{"minecraft:picked_up":{"born_in_chaos_v1:diamond_termite_shard":1,"minecraft:wheat":5,"artifacts:night_vision_goggles":3,"minecraft:flower_pot":1,"minecraft:anvil":1,"artifacts:bunny_hoppers":1,"epicpaladins:bloodstone_pickaxe":2,"minecraft:wither_rose":1,"minecraft:gold_block":1,"minecraft:potion":3,"minecraft:golden_shovel":2,"minecraft:raw_copper":3,"minecraft:item_frame":1,"epicpaladins:bloodstone_gem":4,"irons_spellbooks:arcane_essence":4,"minecraft:cobbled_deepslate":46,"minecraft:beef":3,"minecraft:red_dye":2,"minecraft:player_head":15,"minecraft:sugar_cane":4,"farmersdelight:cabbage_seeds":1,"minecraft:egg":5,"epicpaladins:arclight_gem":13,"minecraft:torch":2,"minecraft:note_block":4,"epicfight:skillbook":3,"minecraft:porkchop":1,"farmersdelight:tomato_seeds":3,"tombstone:grave_dust":6,"minecraft:diorite":6,"born_in_chaos_v1:pieceofdarkmetal":1,"minecraft:rotten_flesh":25,"epicpaladins:cryorium_gem":5,"minecraft:arrow":5,"artifacts:cowboy_hat":1,"farmersdelight:onion":5,"minecraft:cow_spawn_egg":2,"minecraft:hay_block":8,"alexscaves:spelunkery_table":1,"artifacts:panic_necklace":1,"minecraft:rail":1,"minecraft:iron_bars":4,"minecraft:cobblestone":102,"minecraft:mutton":1,"alexsmobs:lobster_tail":7,"alexsmobs:flying_fish":3,"minecraft:white_wool":2,"minecraft:stripped_oak_log":1,"born_in_chaos_v1:corpse_maggot":13,"minecraft:feather":1,"minecraft:tripwire_hook":30,"minecraft:water_bucket":1,"minecraft:leather":2,"travelersbackpack:red_sleeping_bag":2,"minecraft:potato":3,"paraglider:spirit_orb":4,"minecraft:tuff":7,"minecraft:oak_log":7,"minecraft:gunpowder":14,"mowziesmobs:wrought_axe":2,"minecraft:lapis_lazuli":22,"minecraft:dirt":2,"minecraft:bone":18,"minecraft:apple":1,"travelersbackpack:cake":1,"epicfight:iron_greatsword":1,"minecraft:wheat_seeds":90,"born_in_chaos_v1:smoked_flesh":13,"tombstone:bag_of_seeds":1,"minecraft:gray_bed":1,"minecraft:iron_sword":1,"minecraft:oak_planks":9,"minecraft:book":15,"minecraft:red_wool":5,"born_in_chaos_v1:ethereal_spirit":2,"minecraft:torchflower_seeds":2,"minecraft:sand":38,"mowziesmobs:wrought_helmet":1,"minecraft:white_bed":2,"minecraft:spider_eye":1,"minecraft:leather_helmet":3,"minecraft:bundle":1,"minecraft:pumpkin_seeds":1,"minecraft:diamond":8,"waystones:waystone":1,"minecraft:granite":38,"minecraft:spruce_sign":1,"minecraft:bread":55,"minecraft:warped_roots":1,"minecraft:oak_sapling":1,"minecraft:coal":2,"iceandfire:raw_silver":4},"minecraft:dropped":{"farmersdelight:tomato_seeds":3,"minecraft:water_bucket":1,"minecraft:bread":10,"minecraft:porkchop":1,"minecraft:wheat_seeds":89,"minecraft:glass_bottle":17,"minecraft:cobblestone":7,"epicpaladins:bloodstone_pickaxe":1,"minecraft:warped_roots":1,"minecraft:rail":1,"minecraft:leather_helmet":3,"mowziesmobs:wrought_axe":1,"artifacts:night_vision_goggles":2,"minecraft:stick":4,"minecraft:dirt":3,"minecraft:diorite":3,"alexsmobs:flying_fish":1,"mowziesmobs:wrought_helmet":1,"warden_curse:sekirobook":1,"minecraft:wither_rose":1,"minecraft:sugar":2,"minecraft:sand":2,"minecraft:red_dye":2,"minecraft:glistering_melon_slice":3,"minecraft:string":7,"artifacts:bunny_hoppers":1,"minecraft:gold_ingot":8,"minecraft:cauldron":1,"minecraft:note_block":1,"minecraft:player_head":4,"minecraft:wheat":5,"minecraft:tuff":5,"farmersdelight:cabbage_seeds":1,"minecraft:oak_planks":3,"minecraft:torchflower_seeds":1,"minecraft:pumpkin_seeds":1,"minecraft:flower_pot":1,"minecraft:gunpowder":22,"minecraft:lingering_potion":1,"born_in_chaos_v1:diamond_termite_shard":1,"minecraft:oak_sapling":1,"minecraft:spider_eye":1,"minecraft:iron_bars":4,"minecraft:arrow":3},"minecraft:broken":{"minecraft:golden_boots":1,"minecraft:iron_boots":1,"minecraft:golden_shovel":1,"minecraft:iron_pickaxe":1},"minecraft:custom":{"minecraft:mob_kills":117,"minecraft:animals_bred":3,"minecraft:inspect_hopper":1,"minecraft:interact_with_crafting_table":29,"minecraft:open_barrel":59,"minecraft:damage_dealt_resisted":91,"minecraft:eat_cake_slice":3,"minecraft:leave_game":2,"minecraft:time_since_death":29820,"minecraft:climb_one_cm":295,"minecraft:sprint_one_cm":815395,"minecraft:walk_one_cm":892081,"minecraft:drop":84,"minecraft:play_noteblock":13,"minecraft:damage_dealt_absorbed":24,"minecraft:talked_to_villager":3,"minecraft:play_time":191661,"minecraft:deaths":16,"minecraft:sneak_time":10521,"minecraft:walk_under_water_one_cm":27479,"minecraft:interact_with_lectern":1,"minecraft:boat_one_cm":76531,"minecraft:interact_with_brewingstand":5,"minecraft:jump":4206,"minecraft:walk_on_water_one_cm":50731,"minecraft:total_world_time":191661,"minecraft:interact_with_furnace":10,"tombstone:raider_killed":5,"minecraft:tune_noteblock":94,"minecraft:interact_with_loom":1,"minecraft:sleep_in_bed":7,"minecraft:time_since_rest":29661,"minecraft:waystone_activated":3,"minecraft:damage_taken":8258,"minecraft:damage_absorbed":40,"minecraft:damage_dealt":18813,"minecraft:swim_one_cm":103997,"minecraft:fly_one_cm":1149574,"minecraft:player_kills":2,"minecraft:open_chest":57,"minecraft:crouch_one_cm":52023,"tombstone:undead_killed":42,"minecraft:interact_with_smoker":1,"minecraft:fall_one_cm":108539},"minecraft:crafted":{"minecraft:oak_planks":32,"minecraft:glass":24,"travelersbackpack:cake":1,"tombstone:grave_key":2,"minecraft:chest":2,"minecraft:wheat":45,"minecraft:sugar":4,"minecraft:diamond_axe":1,"minecraft:crafting_table":3,"travelersbackpack:backpack_tank":2,"travelersbackpack:standard":1,"minecraft:bread":16,"minecraft:air":0,"travelersbackpack:red_sleeping_bag":2,"minecraft:stick":12,"minecraft:iron_pickaxe":1},"minecraft:mined":{"minecraft:tuff":12,"minecraft:white_bed":2,"iceandfire:silver_ore":3,"minecraft:deepslate_diamond_ore":6,"minecraft:potted_wither_rose":1,"born_in_chaos_v1:infected_diamond_ore":2,"minecraft:granite":39,"travelersbackpack:red_sleeping_bag":3,"minecraft:spawner":2,"minecraft:light_blue_stained_glass":1,"epicpaladins:deepslate_arclight_ore":13,"minecraft:hay_block":7,"minecraft:cobbled_deepslate":6,"minecraft:deepslate_lapis_ore":1,"minecraft:anvil":1,"minecraft:gold_block":1,"minecraft:cave_vines":1,"minecraft:bookshelf":6,"minecraft:iron_bars":2,"minecraft:stripped_oak_log":1,"minecraft:stone":124,"minecraft:player_head":13,"minecraft:red_wool":5,"epicpaladins:deepslate_bloodstone_ore":4,"minecraft:torch":1,"minecraft:note_block":4,"minecraft:spruce_wall_sign":1,"minecraft:lapis_ore":3,"minecraft:sugar_cane":2,"minecraft:oak_planks":2,"minecraft:diorite":10,"minecraft:deepslate_copper_ore":2,"epicpaladins:deepslate_cryorium_ore":5,"minecraft:gray_bed":1,"minecraft:birch_leaves":3,"born_in_chaos_v1:river_mint":3,"minecraft:bee_nest":1,"minecraft:grass":28,"minecraft:coal_ore":1,"minecraft:oak_log":7,"minecraft:gravel":1,"minecraft:sand":35,"minecraft:dirt":4,"minecraft:oak_leaves":3,"travelersbackpack:cake":1,"minecraft:deepslate":45},"minecraft:used":{"epicpaladins:bloodstone_pickaxe":38,"alexsmobs:flying_fish_bucket":2,"minecraft:chest":1,"minecraft:iron_sword":221,"minecraft:player_head":4,"minecraft:rotten_flesh":21,"minecraft:mutton":1,"minecraft:carrot":4,"minecraft:golden_shovel":11,"minecraft:granite":17,"born_in_chaos_v1:corpse_maggot":13,"born_in_chaos_v1:smoked_flesh":13,"alexsmobs:lobster_tail":7,"epicfight:iron_greatsword":104,"minecraft:red_wool":1,"minecraft:item_frame":1,"minecraft:tripwire_hook":24,"travelersbackpack:red_sleeping_bag":3,"minecraft:hay_block":1,"travelersbackpack:cake":4,"minecraft:egg":3,"minecraft:potato":3,"minecraft:cobbled_deepslate":110,"epicfight:skillbook":1,"minecraft:water_bucket":57,"minecraft:diorite":3,"minecraft:cow_spawn_egg":2,"minecraft:oak_planks":9,"minecraft:spruce_sign":1,"minecraft:diamond_axe":1,"minecraft:golden_apple":1,"farmersdelight:onion":12,"minecraft:sand":15,"minecraft:crafting_table":2,"minecraft:white_bed":2,"minecraft:note_block":3,"mowziesmobs:wrought_axe":9,"tombstone:bag_of_seeds":2,"alexsmobs:flying_fish":2,"waystones:waystone":1,"minecraft:apple":1,"minecraft:bread":37,"minecraft:iron_pickaxe":251,"minecraft:leather_helmet":4,"tombstone:grave_key":1,"minecraft:cobblestone":134,"minecraft:potion":1,"minecraft:bucket":56,"alexsmobs:animal_dictionary":3},"minecraft:killed_by":{"minecraft:player":2},"minecraft:killed":{"born_in_chaos_v1:zombie_clown":1,"alexsmobs:lobster":14,"minecraft:cave_spider":1,"born_in_chaos_v1:restless_spirit":2,"born_in_chaos_v1:skeleton_demoman":1,"alexsmobs:raccoon":2,"minecraft:spider":2,"enemyexpansion:direwolf":3,"alexsmobs:sugar_glider":1,"born_in_chaos_v1:baby_skeleton_minion":3,"born_in_chaos_v1:maggot":7,"minecraft:skeleton":8,"mowziesmobs:ferrous_wroughtnaut":1,"alexsmobs:blue_jay":1,"minecraft:chicken":1,"born_in_chaos_v1:corpse_fish":2,"alexsmobs:centipede_head":1,"enemyexpansion:vampflyer":1,"minecraft:skeleton_horse":2,"alexsmobs:flying_fish":3,"minecraft:pig":1,"minecraft:zombie_villager":1,"born_in_chaos_v1:diamond_termite":2,"born_in_chaos_v1:baby_skeleton":1,"alexsmobs:seal":1,"enemyexpansion:sprinter":1,"irons_spellbooks:necromancer":1,"minecraft:creeper":2,"born_in_chaos_v1:decrepit_skeleton":4,"minecraft:sheep":2,"alexsmobs:cockroach":1,"minecraft:zombie":18,"born_in_chaos_v1:corpse_fly":14,"enemyexpansion:botfly":9,"minecraft:cow":1}},"DataVersion":3465}