{"stats":{"minecraft:crafted":{"minecraft:oak_planks":36,"minecraft:glass":24,"travelersbackpack:cake":1,"minecraft:diamond_helmet":1,"tombstone:grave_key":2,"minecraft:diamond_boots":1,"minecraft:chest":2,"minecraft:wheat":45,"minecraft:sugar":4,"minecraft:diamond_axe":1,"minecraft:crafting_table":4,"travelersbackpack:backpack_tank":2,"travelersbackpack:standard":1,"minecraft:bread":16,"minecraft:air":0,"travelersbackpack:red_sleeping_bag":2,"minecraft:stick":12,"minecraft:iron_pickaxe":1},"minecraft:killed":{"born_in_chaos_v1:zombie_clown":1,"alexsmobs:lobster":15,"minecraft:cave_spider":1,"born_in_chaos_v1:restless_spirit":2,"born_in_chaos_v1:skeleton_demoman":1,"alexsmobs:raccoon":3,"minecraft:spider":2,"enemyexpansion:direwolf":4,"alexsmobs:sugar_glider":1,"born_in_chaos_v1:baby_skeleton_minion":3,"born_in_chaos_v1:maggot":12,"minecraft:horse":1,"minecraft:skeleton":8,"mowziesmobs:ferrous_wroughtnaut":1,"alexsmobs:blue_jay":1,"minecraft:chicken":3,"born_in_chaos_v1:corpse_fish":2,"alexsmobs:centipede_head":1,"minecraft:skeleton_horse":2,"alexsmobs:flying_fish":3,"enemyexpansion:vampflyer":1,"born_in_chaos_v1:fallen_chaos_knight":1,"minecraft:pig":2,"minecraft:zombie_villager":2,"born_in_chaos_v1:diamond_termite":2,"born_in_chaos_v1:baby_skeleton":1,"minecraft:iron_golem":1,"alexsmobs:seal":1,"enemyexpansion:sprinter":2,"irons_spellbooks:necromancer":1,"minecraft:creeper":2,"born_in_chaos_v1:decrepit_skeleton":4,"minecraft:sheep":6,"minecraft:zombie":26,"alexsmobs:cockroach":1,"born_in_chaos_v1:corpse_fly":28,"enemyexpansion:botfly":14,"alexsmobs:crow":1,"minecraft:cow":1},"minecraft:custom":{"minecraft:mob_kills":165,"minecraft:animals_bred":3,"minecraft:inspect_hopper":1,"minecraft:interact_with_crafting_table":31,"minecraft:open_barrel":64,"minecraft:damage_dealt_resisted":91,"minecraft:eat_cake_slice":3,"minecraft:leave_game":2,"minecraft:time_since_death":8874,"minecraft:climb_one_cm":295,"minecraft:sprint_one_cm":1007004,"minecraft:walk_one_cm":1023306,"minecraft:drop":97,"minecraft:play_noteblock":13,"minecraft:damage_dealt_absorbed":186,"minecraft:talked_to_villager":4,"minecraft:play_time":227525,"minecraft:sneak_time":11493,"minecraft:deaths":20,"minecraft:walk_under_water_one_cm":31522,"minecraft:interact_with_lectern":1,"minecraft:boat_one_cm":76531,"minecraft:interact_with_brewingstand":5,"minecraft:jump":5505,"minecraft:walk_on_water_one_cm":57819,"minecraft:total_world_time":227525,"minecraft:interact_with_furnace":10,"tombstone:raider_killed":13,"minecraft:tune_noteblock":94,"minecraft:interact_with_loom":1,"minecraft:sleep_in_bed":7,"minecraft:time_since_rest":8341,"minecraft:waystone_activated":4,"minecraft:damage_taken":9496,"minecraft:damage_absorbed":40,"minecraft:damage_dealt":25316,"minecraft:player_kills":2,"minecraft:swim_one_cm":109107,"minecraft:fly_one_cm":1549548,"minecraft:open_chest":62,"minecraft:crouch_one_cm":54655,"tombstone:undead_killed":53,"minecraft:interact_with_smoker":1,"minecraft:fall_one_cm":138767},"minecraft:picked_up":{"born_in_chaos_v1:diamond_termite_shard":1,"minecraft:wheat":5,"artifacts:night_vision_goggles":3,"minecraft:chicken":2,"minecraft:flower_pot":1,"minecraft:anvil":1,"artifacts:bunny_hoppers":1,"minecraft:wither_rose":1,"epicpaladins:bloodstone_pickaxe":2,"minecraft:gold_block":1,"minecraft:potion":3,"minecraft:golden_shovel":2,"minecraft:raw_copper":3,"minecraft:item_frame":1,"epicpaladins:bloodstone_gem":4,"irons_spellbooks:arcane_essence":4,"minecraft:cobbled_deepslate":46,"celestisynth:lunar_stone":1,"minecraft:beef":3,"minecraft:red_dye":2,"minecraft:player_head":15,"minecraft:poppy":2,"minecraft:light_gray_wool":1,"minecraft:sugar_cane":4,"farmersdelight:cabbage_seeds":1,"minecraft:egg":6,"epicpaladins:arclight_gem":13,"minecraft:torch":2,"minecraft:note_block":4,"epicfight:skillbook":3,"minecraft:porkchop":3,"farmersdelight:tomato_seeds":3,"tombstone:grave_dust":6,"minecraft:diorite":6,"born_in_chaos_v1:pieceofdarkmetal":3,"minecraft:rotten_flesh":40,"minecraft:arrow":5,"epicpaladins:cryorium_gem":5,"artifacts:cowboy_hat":1,"minecraft:cow_spawn_egg":2,"farmersdelight:onion":5,"minecraft:hay_block":8,"alexscaves:spelunkery_table":1,"artifacts:panic_necklace":1,"minecraft:rail":1,"minecraft:mutton":4,"minecraft:iron_bars":4,"alexsmobs:lobster_tail":7,"alexsmobs:flying_fish":3,"minecraft:white_wool":3,"minecraft:cobblestone":104,"minecraft:stripped_oak_log":1,"minecraft:pink_petals":7,"born_in_chaos_v1:corpse_maggot":25,"minecraft:feather":3,"minecraft:tripwire_hook":30,"minecraft:water_bucket":1,"minecraft:brown_wool":1,"minecraft:leather":2,"travelersbackpack:red_sleeping_bag":2,"minecraft:potato":3,"paraglider:spirit_orb":4,"minecraft:tuff":7,"minecraft:oak_log":8,"minecraft:gunpowder":14,"mowziesmobs:wrought_axe":2,"minecraft:lapis_lazuli":22,"minecraft:dirt":8,"minecraft:bone":18,"minecraft:apple":1,"travelersbackpack:cake":1,"epicfight:iron_greatsword":1,"minecraft:wheat_seeds":90,"minecraft:iron_ingot":4,"born_in_chaos_v1:smoked_flesh":13,"minecraft:cobweb":12,"tombstone:bag_of_seeds":1,"minecraft:gray_bed":1,"minecraft:iron_sword":1,"minecraft:oak_planks":9,"minecraft:book":15,"minecraft:red_wool":5,"born_in_chaos_v1:ethereal_spirit":2,"minecraft:torchflower_seeds":2,"minecraft:sand":38,"mowziesmobs:wrought_helmet":1,"minecraft:white_bed":2,"minecraft:spider_eye":1,"minecraft:leather_helmet":3,"minecraft:bundle":1,"minecraft:pumpkin_seeds":1,"minecraft:diamond":8,"waystones:waystone":1,"minecraft:granite":38,"minecraft:gray_wool":1,"minecraft:spruce_sign":1,"minecraft:bread":55,"minecraft:warped_roots":1,"minecraft:oak_sapling":3,"minecraft:coal":2,"iceandfire:raw_silver":4},"minecraft:used":{"epicpaladins:bloodstone_pickaxe":94,"alexsmobs:flying_fish_bucket":2,"minecraft:chest":1,"minecraft:iron_sword":221,"minecraft:rotten_flesh":43,"minecraft:player_head":4,"minecraft:dirt":6,"minecraft:mutton":4,"minecraft:carrot":4,"minecraft:golden_shovel":11,"minecraft:granite":17,"born_in_chaos_v1:corpse_maggot":16,"born_in_chaos_v1:smoked_flesh":13,"alexsmobs:lobster_tail":7,"minecraft:red_wool":1,"epicfight:iron_greatsword":159,"minecraft:tripwire_hook":24,"travelersbackpack:red_sleeping_bag":3,"minecraft:item_frame":1,"minecraft:hay_block":1,"minecraft:oak_sapling":2,"travelersbackpack:cake":4,"minecraft:egg":4,"minecraft:potato":3,"minecraft:cobbled_deepslate":110,"minecraft:water_bucket":120,"epicfight:skillbook":2,"minecraft:diorite":3,"minecraft:cow_spawn_egg":2,"minecraft:oak_planks":9,"minecraft:spruce_sign":1,"minecraft:diamond_axe":32,"minecraft:golden_apple":1,"farmersdelight:onion":12,"minecraft:sand":15,"minecraft:crafting_table":3,"minecraft:white_bed":2,"minecraft:note_block":3,"mowziesmobs:wrought_axe":9,"alexsmobs:flying_fish":2,"tombstone:bag_of_seeds":2,"waystones:waystone":1,"minecraft:apple":1,"minecraft:chicken":1,"minecraft:bread":37,"minecraft:iron_pickaxe":251,"minecraft:leather_helmet":4,"tombstone:grave_key":5,"minecraft:potion":1,"minecraft:cobblestone":202,"minecraft:bucket":121,"alexsmobs:animal_dictionary":3,"minecraft:cobweb":5},"minecraft:broken":{"minecraft:golden_boots":1,"minecraft:iron_boots":1,"minecraft:iron_chestplate":1,"minecraft:golden_shovel":1,"minecraft:iron_pickaxe":1},"minecraft:mined":{"minecraft:tuff":12,"minecraft:white_bed":2,"iceandfire:silver_ore":3,"minecraft:potted_wither_rose":1,"minecraft:deepslate_diamond_ore":6,"born_in_chaos_v1:infected_diamond_ore":2,"minecraft:granite":39,"travelersbackpack:red_sleeping_bag":3,"minecraft:grass_block":3,"minecraft:sandstone":1,"epicpaladins:deepslate_arclight_ore":13,"minecraft:spawner":2,"minecraft:light_blue_stained_glass":1,"minecraft:hay_block":7,"minecraft:cobbled_deepslate":6,"minecraft:andesite":5,"minecraft:anvil":1,"minecraft:deepslate_lapis_ore":1,"minecraft:gold_block":1,"minecraft:bookshelf":6,"minecraft:cave_vines":1,"minecraft:iron_bars":2,"minecraft:stripped_oak_log":1,"minecraft:stone":158,"minecraft:player_head":13,"minecraft:red_wool":5,"epicpaladins:deepslate_bloodstone_ore":4,"minecraft:torch":1,"minecraft:note_block":4,"minecraft:spruce_wall_sign":1,"minecraft:lapis_ore":3,"minecraft:oak_planks":2,"minecraft:sugar_cane":2,"minecraft:diorite":18,"minecraft:deepslate_copper_ore":2,"epicpaladins:deepslate_cryorium_ore":5,"minecraft:gray_bed":1,"minecraft:birch_leaves":3,"born_in_chaos_v1:river_mint":3,"minecraft:bee_nest":1,"minecraft:grass":29,"minecraft:coal_ore":1,"minecraft:oak_log":8,"minecraft:gravel":1,"minecraft:sand":37,"minecraft:dirt":13,"minecraft:oak_leaves":13,"travelersbackpack:cake":1,"minecraft:deepslate":45},"minecraft:killed_by":{"minecraft:player":2},"minecraft:dropped":{"farmersdelight:tomato_seeds":3,"minecraft:water_bucket":1,"minecraft:bread":10,"minecraft:porkchop":1,"minecraft:wheat_seeds":89,"minecraft:glass_bottle":17,"minecraft:feather":2,"minecraft:cobblestone":7,"alexscaves:spelunkery_table":1,"minecraft:warped_roots":1,"epicpaladins:bloodstone_pickaxe":1,"minecraft:rail":1,"minecraft:leather_helmet":3,"mowziesmobs:wrought_axe":1,"minecraft:stick":4,"artifacts:night_vision_goggles":2,"minecraft:cobweb":12,"minecraft:dirt":3,"minecraft:gray_wool":1,"minecraft:diorite":3,"alexsmobs:flying_fish":1,"minecraft:brown_wool":1,"warden_curse:sekirobook":1,"mowziesmobs:wrought_helmet":1,"minecraft:wither_rose":1,"minecraft:sand":2,"minecraft:red_dye":2,"minecraft:glistering_melon_slice":3,"minecraft:sugar":2,"minecraft:pink_petals":7,"minecraft:white_wool":1,"minecraft:string":7,"minecraft:gold_ingot":8,"artifacts:bunny_hoppers":1,"minecraft:cauldron":1,"minecraft:note_block":1,"minecraft:player_head":4,"minecraft:raw_copper":3,"minecraft:tuff":5,"minecraft:wheat":5,"farmersdelight:cabbage_seeds":1,"minecraft:light_gray_wool":1,"minecraft:oak_planks":4,"minecraft:torchflower_seeds":1,"minecraft:pumpkin_seeds":1,"minecraft:flower_pot":1,"minecraft:gunpowder":22,"minecraft:lingering_potion":1,"minecraft:oak_sapling":1,"born_in_chaos_v1:diamond_termite_shard":1,"minecraft:spider_eye":1,"minecraft:iron_bars":4,"minecraft:arrow":3}},"DataVersion":3465}