{"stats":{"minecraft:crafted":{"minecraft:oak_planks":36,"minecraft:glass":24,"minecraft:diamond_helmet":1,"tombstone:grave_key":2,"minecraft:chest":2,"born_in_chaos_v1:mint_candy":10,"minecraft:diamond_axe":1,"minecraft:crafting_table":4,"minecraft:spruce_planks":4,"travelersbackpack:standard":1,"travelersbackpack:red_sleeping_bag":2,"minecraft:stick":12,"minecraft:iron_pickaxe":1,"minecraft:shears":1,"travelersbackpack:cake":1,"minecraft:diamond_boots":1,"minecraft:dark_oak_planks":4,"minecraft:wheat":45,"minecraft:sugar":15,"travelersbackpack:backpack_tank":2,"minecraft:bread":16,"minecraft:air":0},"minecraft:killed":{"born_in_chaos_v1:zombie_clown":1,"alexsmobs:lobster":15,"minecraft:cave_spider":2,"born_in_chaos_v1:restless_spirit":4,"born_in_chaos_v1:skeleton_demoman":1,"born_in_chaos_v1:door_knight_not_despawn":1,"minecraft:spider":4,"born_in_chaos_v1:baby_skeleton_minion":3,"minecraft:skeleton":9,"minecraft:chicken":6,"alexsmobs:centipede_head":1,"minecraft:skeleton_horse":2,"enemyexpansion:vampflyer":1,"minecraft:pig":7,"born_in_chaos_v1:diamond_termite":2,"minecraft:zombie_villager":2,"alexsmobs:seal":1,"minecraft:iron_golem":1,"irons_spellbooks:necromancer":1,"minecraft:creeper":2,"minecraft:sheep":7,"minecraft:donkey":1,"minecraft:zombie":33,"born_in_chaos_v1:corpse_fly":38,"enemyexpansion:botfly":16,"minecraft:stray":1,"minecraft:cow":10,"alexsmobs:raccoon":6,"enemyexpansion:intruder":1,"enemyexpansion:direwolf":4,"alexsmobs:sugar_glider":1,"born_in_chaos_v1:maggot":13,"minecraft:horse":1,"mowziesmobs:ferrous_wroughtnaut":1,"alexsmobs:blue_jay":1,"born_in_chaos_v1:corpse_fish":2,"alexsmobs:flying_fish":3,"born_in_chaos_v1:fallen_chaos_knight":1,"born_in_chaos_v1:baby_skeleton":1,"alexsmobs:skunk":1,"enemyexpansion:sprinter":2,"born_in_chaos_v1:decrepit_skeleton":5,"born_in_chaos_v1:bloody_gadfly":1,"alexsmobs:cockroach":1,"alexsmobs:crow":1,"enemyexpansion:slugger":1},"minecraft:custom":{"minecraft:animals_bred":3,"minecraft:interact_with_crafting_table":33,"minecraft:open_barrel":74,"minecraft:eat_cake_slice":3,"minecraft:leave_game":2,"minecraft:time_since_death":47450,"minecraft:sprint_one_cm":1213161,"minecraft:drop":121,"minecraft:play_noteblock":13,"minecraft:talked_to_villager":6,"minecraft:play_time":305525,"minecraft:deaths":23,"minecraft:jump":6740,"minecraft:interact_with_brewingstand":5,"minecraft:walk_on_water_one_cm":60700,"minecraft:interact_with_furnace":10,"minecraft:interact_with_loom":1,"minecraft:sleep_in_bed":7,"minecraft:waystone_activated":5,"minecraft:damage_dealt":32760,"minecraft:player_kills":2,"minecraft:crouch_one_cm":93906,"tombstone:undead_killed":65,"minecraft:interact_with_smoker":1,"minecraft:interact_with_anvil":1,"minecraft:mob_kills":220,"minecraft:inspect_hopper":1,"minecraft:damage_dealt_resisted":91,"minecraft:climb_one_cm":2313,"minecraft:walk_one_cm":1225919,"minecraft:damage_dealt_absorbed":267,"minecraft:sneak_time":22306,"minecraft:walk_under_water_one_cm":38147,"minecraft:boat_one_cm":76531,"minecraft:interact_with_lectern":1,"minecraft:total_world_time":305525,"tombstone:raider_killed":13,"minecraft:tune_noteblock":94,"minecraft:time_since_rest":47049,"minecraft:damage_taken":11709,"minecraft:damage_absorbed":40,"tombstone:cast_on_ally":0,"minecraft:swim_one_cm":114116,"minecraft:fly_one_cm":1906561,"minecraft:open_chest":91,"minecraft:fall_one_cm":173126},"minecraft:picked_up":{"minecraft:wheat":5,"minecraft:anvil":1,"minecraft:flower_pot":1,"artifacts:bunny_hoppers":1,"minecraft:wither_rose":1,"minecraft:potion":3,"minecraft:golden_shovel":2,"minecraft:string":5,"minecraft:raw_copper":3,"epicpaladins:bloodstone_gem":4,"irons_spellbooks:arcane_essence":4,"minecraft:cobbled_deepslate":347,"minecraft:spruce_planks":1,"celestisynth:lunar_stone":1,"minecraft:red_dye":2,"alexsmobs:raccoon_tail":1,"minecraft:melon_slice":160,"farmersdelight:cabbage_seeds":1,"epicpaladins:arclight_gem":13,"minecraft:torch":2,"epicfight:skillbook":4,"minecraft:porkchop":13,"iceandfire:rotten_egg":1,"tombstone:grave_dust":7,"minecraft:diorite":6,"epicpaladins:cryorium_gem":5,"minecraft:rotten_flesh":51,"farmersdelight:onion":12,"minecraft:cow_spawn_egg":2,"irons_spellbooks:arcane_debris":1,"artifacts:panic_necklace":1,"minecraft:iron_bars":4,"alexsmobs:flying_fish":3,"alexsmobs:lobster_tail":7,"minecraft:cobblestone":159,"minecraft:pink_petals":7,"minecraft:feather":7,"minecraft:water_bucket":1,"minecraft:brown_wool":1,"minecraft:potato":6,"paraglider:spirit_orb":12,"minecraft:tuff":35,"minecraft:lapis_lazuli":22,"minecraft:dirt":28,"born_in_chaos_v1:marigolds":1,"minecraft:bone":18,"epicfight:iron_greatsword":1,"minecraft:wheat_seeds":97,"minecraft:oak_planks":9,"iceandfire:pixie_house_birch":1,"minecraft:sand":38,"minecraft:stripped_spruce_log":2,"minecraft:dark_oak_log":1,"minecraft:bundle":1,"minecraft:diamond":12,"waystones:waystone":1,"minecraft:granite":38,"minecraft:spruce_sign":1,"minecraft:bread":55,"minecraft:oak_sapling":7,"iceandfire:raw_silver":4,"born_in_chaos_v1:diamond_termite_shard":1,"minecraft:allium":12,"artifacts:night_vision_goggles":3,"minecraft:chicken":4,"born_in_chaos_v1:river_mint":10,"minecraft:gold_block":1,"epicpaladins:bloodstone_pickaxe":2,"minecraft:oak_trapdoor":6,"minecraft:item_frame":1,"minecraft:beef":20,"minecraft:player_head":15,"minecraft:poppy":2,"minecraft:spruce_slab":2,"minecraft:light_gray_wool":1,"minecraft:sugar_cane":15,"minecraft:egg":7,"minecraft:raw_iron":7,"minecraft:note_block":4,"farmersdelight:tomato_seeds":3,"born_in_chaos_v1:pieceofdarkmetal":3,"minecraft:carrot":1,"minecraft:dark_oak_planks":1,"minecraft:arrow":7,"artifacts:cowboy_hat":1,"minecraft:hay_block":8,"alexscaves:spelunkery_table":1,"minecraft:mutton":6,"minecraft:white_wool":3,"minecraft:rail":1,"minecraft:stripped_oak_log":1,"born_in_chaos_v1:corpse_maggot":39,"minecraft:tripwire_hook":30,"minecraft:leather":12,"travelersbackpack:red_sleeping_bag":2,"minecraft:oak_log":8,"mowziesmobs:wrought_axe":2,"minecraft:gunpowder":14,"minecraft:apple":1,"travelersbackpack:cake":2,"born_in_chaos_v1:smoked_flesh":13,"minecraft:iron_ingot":4,"minecraft:cobweb":17,"tombstone:bag_of_seeds":1,"minecraft:gray_bed":1,"minecraft:iron_sword":1,"minecraft:book":15,"minecraft:dark_oak_slab":2,"minecraft:red_wool":5,"born_in_chaos_v1:ethereal_spirit":4,"minecraft:torchflower_seeds":2,"mowziesmobs:wrought_helmet":1,"minecraft:white_bed":2,"minecraft:spider_eye":3,"minecraft:leather_helmet":3,"minecraft:pumpkin_seeds":4,"minecraft:gray_wool":1,"minecraft:warped_roots":1,"minecraft:terracotta":2,"minecraft:coal":2},"minecraft:used":{"epicpaladins:bloodstone_pickaxe":633,"minecraft:chest":1,"minecraft:iron_sword":221,"minecraft:player_head":4,"minecraft:rotten_flesh":49,"minecraft:mutton":4,"minecraft:carrot":16,"minecraft:tuff":20,"minecraft:stripped_spruce_log":1,"born_in_chaos_v1:corpse_maggot":29,"born_in_chaos_v1:smoked_flesh":13,"alexsmobs:lobster_tail":7,"minecraft:red_wool":1,"born_in_chaos_v1:mint_candy":2,"minecraft:item_frame":1,"travelersbackpack:red_sleeping_bag":3,"minecraft:hay_block":1,"minecraft:oak_sapling":2,"minecraft:egg":5,"minecraft:potato":8,"epicfight:skillbook":3,"minecraft:diorite":3,"minecraft:cow_spawn_egg":2,"minecraft:oak_planks":9,"minecraft:diamond_axe":168,"minecraft:golden_apple":1,"minecraft:sand":15,"minecraft:note_block":3,"minecraft:shears":5,"waystones:waystone":2,"minecraft:bread":37,"minecraft:melon_slice":40,"tombstone:grave_key":5,"born_in_chaos_v1:river_mint":1,"minecraft:cobweb":8,"alexsmobs:flying_fish_bucket":2,"minecraft:spruce_planks":5,"minecraft:dirt":25,"tombstone:scroll_of_aquatic_life":4,"minecraft:golden_shovel":11,"minecraft:granite":17,"minecraft:dark_oak_planks":5,"epicfight:iron_greatsword":176,"minecraft:tripwire_hook":24,"travelersbackpack:cake":4,"minecraft:cobbled_deepslate":183,"minecraft:water_bucket":128,"minecraft:spruce_sign":1,"farmersdelight:onion":14,"minecraft:crafting_table":3,"minecraft:white_bed":2,"mowziesmobs:wrought_axe":9,"tombstone:bag_of_seeds":2,"alexsmobs:flying_fish":2,"minecraft:apple":1,"minecraft:chicken":1,"minecraft:iron_pickaxe":251,"minecraft:leather_helmet":4,"minecraft:cobblestone":257,"minecraft:potion":1,"minecraft:porkchop":2,"minecraft:bucket":132,"alexsmobs:animal_dictionary":3},"minecraft:broken":{"minecraft:golden_boots":1,"minecraft:iron_boots":1,"minecraft:iron_chestplate":1,"minecraft:golden_shovel":1,"minecraft:iron_leggings":1,"minecraft:iron_pickaxe":1},"minecraft:mined":{"minecraft:dark_oak_planks":3,"minecraft:white_bed":2,"minecraft:granite":40,"travelersbackpack:red_sleeping_bag":3,"minecraft:grass_block":4,"minecraft:mud_bricks":1,"minecraft:composter":1,"minecraft:spawner":4,"minecraft:light_blue_stained_glass":1,"minecraft:iron_ore":7,"minecraft:cobbled_deepslate":7,"minecraft:deepslate_lapis_ore":1,"minecraft:anvil":1,"minecraft:cave_vines":1,"minecraft:iron_bars":2,"minecraft:player_head":13,"minecraft:deepslate_redstone_ore":2,"minecraft:torch":1,"minecraft:note_block":4,"irons_spellbooks:arcane_debris":1,"minecraft:melon":17,"minecraft:spruce_wall_sign":1,"minecraft:cobblestone":13,"minecraft:sugar_cane":6,"minecraft:oak_planks":2,"minecraft:deepslate_copper_ore":2,"minecraft:dark_oak_slab":3,"epicpaladins:deepslate_cryorium_ore":5,"born_in_chaos_v1:river_mint":13,"minecraft:grass":42,"minecraft:oak_log":8,"minecraft:sand":37,"minecraft:dirt":26,"minecraft:oak_leaves":14,"minecraft:deepslate":402,"minecraft:tuff":62,"iceandfire:silver_ore":3,"minecraft:dark_oak_leaves":9,"minecraft:potted_wither_rose":1,"minecraft:deepslate_diamond_ore":10,"minecraft:dark_oak_log":3,"iceandfire:pixie_house_birch":1,"born_in_chaos_v1:infected_diamond_ore":2,"born_in_chaos_v1:black_argillite":5,"minecraft:sandstone":1,"epicpaladins:deepslate_arclight_ore":13,"minecraft:hay_block":7,"farmersdelight:wild_onions":7,"minecraft:oak_trapdoor":4,"minecraft:packed_mud":1,"minecraft:andesite":34,"minecraft:stripped_spruce_log":1,"minecraft:gold_block":1,"minecraft:bookshelf":6,"minecraft:stripped_oak_log":1,"minecraft:stone":201,"born_in_chaos_v1:marigolds":1,"minecraft:red_wool":5,"epicpaladins:deepslate_bloodstone_ore":4,"minecraft:dandelion":1,"minecraft:tall_grass":6,"minecraft:lapis_ore":3,"minecraft:diorite":21,"minecraft:gray_bed":1,"minecraft:birch_leaves":3,"minecraft:bee_nest":1,"minecraft:coal_ore":1,"minecraft:gravel":6,"minecraft:cobweb":5,"minecraft:terracotta":2,"travelersbackpack:cake":1,"minecraft:fern":1},"minecraft:killed_by":{"minecraft:player":2},"minecraft:dropped":{"minecraft:porkchop":1,"minecraft:glass_bottle":17,"minecraft:dark_oak_slab":2,"minecraft:warped_roots":1,"minecraft:rail":1,"minecraft:leather_helmet":3,"artifacts:night_vision_goggles":2,"minecraft:dirt":4,"alexsmobs:flying_fish":1,"farmersdelight:onion":5,"minecraft:sand":2,"minecraft:sugar":2,"minecraft:glistering_melon_slice":3,"alexsmobs:raccoon_tail":1,"minecraft:white_wool":1,"minecraft:cauldron":1,"minecraft:gold_ingot":8,"minecraft:note_block":1,"minecraft:wheat":5,"born_in_chaos_v1:ethereal_spirit":2,"minecraft:oak_planks":4,"minecraft:poppy":2,"minecraft:gunpowder":22,"born_in_chaos_v1:corpse_maggot":1,"minecraft:lingering_potion":1,"born_in_chaos_v1:diamond_termite_shard":1,"minecraft:spruce_slab":1,"minecraft:iron_bars":4,"minecraft:arrow":7,"farmersdelight:tomato_seeds":3,"minecraft:water_bucket":1,"minecraft:bread":10,"minecraft:wheat_seeds":94,"minecraft:feather":2,"minecraft:cobblestone":7,"alexscaves:spelunkery_table":1,"epicpaladins:bloodstone_pickaxe":1,"mowziesmobs:wrought_axe":1,"minecraft:stick":4,"minecraft:cobweb":12,"minecraft:gray_wool":1,"minecraft:diorite":3,"minecraft:brown_wool":1,"warden_curse:sekirobook":1,"minecraft:wither_rose":1,"mowziesmobs:wrought_helmet":1,"minecraft:red_dye":2,"minecraft:string":12,"minecraft:pink_petals":7,"iceandfire:pixie_house_birch":1,"artifacts:bunny_hoppers":1,"minecraft:oak_trapdoor":4,"minecraft:player_head":4,"minecraft:raw_copper":3,"minecraft:tuff":5,"farmersdelight:cabbage_seeds":1,"minecraft:chicken":1,"minecraft:light_gray_wool":1,"minecraft:torchflower_seeds":1,"minecraft:pumpkin_seeds":4,"minecraft:flower_pot":1,"minecraft:oak_sapling":5,"minecraft:spider_eye":1,"minecraft:terracotta":2}},"DataVersion":3465}