{"stats":{"minecraft:killed_by":{"minecraft:vex":1,"minecraft:player":2},"minecraft:used":{"minecraft:moss_block":1,"minecraft:chest":1,"goblins_tyranny:shaman_skull":1,"minecraft:rotten_flesh":52,"goblins_tyranny:bottles":8,"born_in_chaos_v1:soul_cutlass":12,"minecraft:stripped_spruce_log":1,"epicpaladins:arclight_sword":30,"born_in_chaos_v1:smoked_flesh":35,"minecraft:lava_bucket":4,"minecraft:red_wool":1,"born_in_chaos_v1:mint_candy":19,"epicpaladins:moonlight_axe":535,"minecraft:dark_oak_slab":4,"travelersbackpack:red_sleeping_bag":3,"minecraft:furnace":3,"minecraft:oak_sapling":2,"minecraft:egg":12,"minecraft:potato":8,"minecraft:diorite":3,"minecraft:cow_spawn_egg":2,"minecraft:composter":1,"minecraft:golden_apple":1,"minecraft:glow_berries":202,"minecraft:sand":15,"iceandfire:lightning_dragon_flesh":1,"minecraft:birch_log":4,"alexsmobs:flying_fish_bucket":2,"minecraft:tinted_glass":4,"minecraft:golden_shovel":11,"minecraft:music_disc_mellohi":3,"epicfight:iron_greatsword":248,"minecraft:mud_bricks":5,"minecraft:tripwire_hook":24,"tombstone:gift":1,"born_in_chaos_v1:black_argillite_brick_slab":2,"minecraft:cobbled_deepslate":432,"minecraft:water_bucket":267,"minecraft:birch_planks":47,"minecraft:waxed_oxidized_cut_copper":6,"minecraft:crafting_table":7,"minecraft:white_bed":2,"mowziesmobs:wrought_axe":9,"alexsmobs:flying_fish":2,"minecraft:iron_pickaxe":254,"tombstone:magic_scroll":1,"born_in_chaos_v1:staffofthe_summoner":44,"minecraft:leather_helmet":4,"minecraft:cobblestone":278,"minecraft:potion":1,"minecraft:cooked_porkchop":13,"minecraft:porkchop":2,"minecraft:dandelion":1,"epicpaladins:bloodstone_pickaxe":895,"minecraft:bone_block":6,"minecraft:iron_sword":254,"minecraft:player_head":4,"minecraft:mutton":4,"minecraft:carrot":37,"minecraft:tuff":48,"born_in_chaos_v1:corpse_maggot":29,"minecraft:bricks":3,"alexsmobs:lobster_tail":7,"minecraft:iron_helmet":1,"epicfight:diamond_greatsword":202,"minecraft:item_frame":1,"minecraft:redstone_lamp":1,"minecraft:magma_block":5,"minecraft:hay_block":1,"epicfight:skillbook":3,"minecraft:oak_planks":9,"minecraft:ender_pearl":2,"minecraft:diamond_axe":168,"minecraft:note_block":7,"epicpaladins:moonlight_pickaxe":221,"minecraft:shears":5,"waystones:waystone":2,"minecraft:bread":56,"minecraft:melon_slice":68,"iceandfire:ice_dragon_flesh":1,"tombstone:grave_key":9,"born_in_chaos_v1:river_mint":1,"minecraft:bone_meal":72,"minecraft:experience_bottle":1,"minecraft:cobweb":9,"minecraft:spruce_planks":6,"minecraft:cooked_chicken":1,"minecraft:dirt":31,"tombstone:scroll_of_aquatic_life":4,"minecraft:granite":17,"minecraft:dark_oak_planks":13,"minecraft:golden_carrot":7,"travelersbackpack:cake":4,"minecraft:cooked_beef":43,"minecraft:iron_leggings":2,"minecraft:cooked_mutton":2,"iceandfire:fire_dragon_flesh":4,"minecraft:spruce_sign":1,"minecraft:glow_item_frame":2,"farmersdelight:onion":14,"minecraft:stripped_dark_oak_log":2,"bosses_of_mass_destruction:soul_star":1,"tombstone:bag_of_seeds":2,"minecraft:apple":1,"minecraft:chicken":1,"iceandfire:ash":1,"minecraft:bucket":274,"minecraft:pumpkin_pie":1,"alexsmobs:animal_dictionary":3},"minecraft:picked_up":{"minecraft:iron_chestplate":3,"minecraft:flower_pot":1,"minecraft:anvil":1,"artifacts:bunny_hoppers":1,"minecraft:wither_rose":1,"minecraft:enchanted_book":1,"minecraft:golden_shovel":2,"minecraft:string":23,"minecraft:gold_nugget":44,"minecraft:cobbled_deepslate":503,"bosses_of_mass_destruction:soul_star":3,"minecraft:waxed_exposed_cut_copper":2,"minecraft:spruce_planks":4,"celestisynth:lunar_stone":1,"minecraft:melon_slice":215,"born_in_chaos_v1:shattered_skull":1,"epicfight:diamond_greatsword":1,"farmersdelight:onion":12,"minecraft:cow_spawn_egg":2,"iceandfire:fire_dragon_heart":2,"minecraft:iron_block":4,"minecraft:blaze_rod":5,"minecraft:iron_bars":4,"alexsmobs:flying_fish":3,"alexsmobs:lobster_tail":7,"minecraft:birch_log":29,"minecraft:magma_block":2,"minecraft:feather":7,"minecraft:cooked_beef":3,"minecraft:water_bucket":3,"minecraft:brown_wool":1,"born_in_chaos_v1:black_argillite_button":4,"goblins_tyranny:mugs":1,"born_in_chaos_v1:marigolds":1,"irons_spellbooks:iron_spell_book":1,"epicfight:iron_greatsword":1,"minecraft:moss_block":2,"minecraft:pitcher_pod":2,"minecraft:stripped_spruce_log":4,"goblins_tyranny:bards_tale":1,"minecraft:dark_oak_log":1,"minecraft:barrel":2,"minecraft:bundle":2,"minecraft:writable_book":1,"minecraft:granite":38,"minecraft:bread":56,"minecraft:light_gray_carpet":3,"minecraft:bricks":3,"minecraft:crimson_roots":5,"iceandfire:raw_silver":4,"minecraft:crafting_table":1,"minecraft:redstone_lamp":1,"born_in_chaos_v1:seedof_chaos":3,"minecraft:white_carpet":11,"iceandfire:ghost_ingot":1,"minecraft:beef":66,"minecraft:poppy":4,"minecraft:spruce_slab":2,"minecraft:chest":25,"minecraft:egg":7,"minecraft:glow_item_frame":2,"minecraft:music_disc_mellohi":7,"minecraft:spruce_fence":2,"farmersdelight:tomato_seeds":3,"born_in_chaos_v1:pieceofdarkmetal":30,"minecraft:carrot":19,"iceandfire:dragon_skull_ice":1,"irons_spellbooks:evocation_rune":1,"minecraft:hay_block":36,"minecraft:gold_ingot":51,"minecraft:totem_of_undying":2,"minecraft:glow_berries":193,"minecraft:mutton":23,"minecraft:rail":1,"minecraft:bone_block":82,"minecraft:white_wool":11,"minecraft:stripped_oak_log":1,"minecraft:mud_bricks":6,"born_in_chaos_v1:pumpkin_staff":1,"minecraft:tripwire_hook":30,"travelersbackpack:red_sleeping_bag":2,"irons_spellbooks:silver_ring":1,"minecraft:packed_mud":4,"minecraft:oak_log":8,"mowziesmobs:wrought_axe":2,"goblins_tyranny:hut_logs":1,"born_in_chaos_v1:soul_cutlass":1,"minecraft:apple":1,"travelersbackpack:cake":3,"born_in_chaos_v1:smoked_flesh":15,"minecraft:cobweb":18,"tombstone:bag_of_seeds":1,"goblins_tyranny:deadly_liquor_item":2,"minecraft:gray_bed":1,"minecraft:iron_sword":2,"minecraft:dark_oak_slab":10,"born_in_chaos_v1:orbofthe_summoner":1,"minecraft:red_wool":5,"born_in_chaos_v1:ethereal_spirit":4,"minecraft:torchflower_seeds":2,"minecraft:leather_helmet":3,"goblins_tyranny:coin":40,"born_in_chaos_v1:black_argillite_brick_slab":4,"goblins_tyranny:engineer_workbench":1,"minecraft:gray_wool":1,"iceandfire:ice_dragon_flesh":4,"minecraft:warped_roots":1,"minecraft:stripped_dark_oak_log":2,"irons_spellbooks:scroll":26,"goblins_tyranny:mossy_hut_logs":1,"minecraft:wheat":5,"goblins_tyranny:mug":8,"minecraft:potion":3,"minecraft:stone_brick_stairs":1,"born_in_chaos_v1:holiday_candy":8,"irons_spellbooks:cast_time_ring":1,"minecraft:raw_copper":3,"minecraft:iron_leggings":1,"epicpaladins:bloodstone_gem":4,"minecraft:experience_bottle":4,"goblins_tyranny:engineer_scrap":2,"irons_spellbooks:arcane_essence":4,"minecraft:bucket":1,"minecraft:red_dye":2,"minecraft:cobblestone_slab":1,"alexsmobs:raccoon_tail":2,"farmersdelight:cabbage_seeds":1,"minecraft:tipped_arrow":2,"epicpaladins:arclight_gem":13,"minecraft:torch":2,"iceandfire:dragonscales_white":12,"epicfight:skillbook":4,"minecraft:porkchop":30,"iceandfire:rotten_egg":1,"tombstone:grave_dust":28,"minecraft:diorite":6,"epicpaladins:cryorium_gem":5,"minecraft:rotten_flesh":57,"goblins_tyranny:shaman_skull":2,"minecraft:mangrove_roots":2,"artifacts:panic_necklace":1,"irons_spellbooks:arcane_debris":1,"minecraft:cobblestone":214,"minecraft:pink_petals":7,"minecraft:potato":6,"paraglider:spirit_orb":48,"minecraft:tuff":55,"minecraft:dirt":58,"minecraft:lapis_lazuli":22,"goblins_tyranny:goat_hide":2,"iceandfire:dragonscales_bronze":5,"born_in_chaos_v1:staffofthe_summoner":1,"minecraft:bone":30,"minecraft:bow":2,"minecraft:wheat_seeds":103,"minecraft:raw_gold":9,"goblins_tyranny:hut_window":4,"minecraft:oak_planks":9,"minecraft:black_terracotta":3,"irons_spellbooks:frozen_bone":18,"iceandfire:pixie_house_birch":1,"minecraft:sand":38,"minecraft:spectral_arrow":16,"minecraft:dark_prismarine_slab":1,"minecraft:sugar":8,"born_in_chaos_v1:fire_dust":1,"minecraft:diamond":12,"waystones:waystone":1,"minecraft:golden_apple":1,"minecraft:spruce_sign":1,"minecraft:emerald":16,"minecraft:oak_sapling":7,"minecraft:waxed_oxidized_cut_copper":8,"born_in_chaos_v1:diamond_termite_shard":1,"minecraft:allium":12,"minecraft:ladder":6,"artifacts:night_vision_goggles":3,"minecraft:chicken":17,"born_in_chaos_v1:river_mint":13,"minecraft:gold_block":1,"epicpaladins:bloodstone_pickaxe":2,"minecraft:chain":1,"minecraft:oak_trapdoor":6,"minecraft:item_frame":1,"minecraft:player_head":16,"irons_spellbooks:epic_ink":1,"minecraft:light_gray_wool":1,"minecraft:tinted_glass":6,"minecraft:sugar_cane":15,"iceandfire:ice_dragon_heart":1,"minecraft:raw_iron":13,"iceandfire:dragonscales_green":20,"iceandfire:dragonbone":11,"minecraft:note_block":8,"minecraft:dark_oak_planks":17,"goblins_tyranny:goblins_meat":3,"minecraft:arrow":27,"artifacts:cowboy_hat":2,"minecraft:pumpkin_pie":1,"alexscaves:spelunkery_table":1,"goblins_tyranny:bottles":3,"born_in_chaos_v1:corpse_maggot":39,"minecraft:leather":18,"minecraft:birch_planks":21,"iceandfire:ectoplasm":2,"minecraft:gunpowder":15,"irons_spellbooks:rare_ink":1,"epicpaladins:moonlight_axe":1,"irons_spellbooks:common_ink":3,"minecraft:red_carpet":15,"minecraft:iron_ingot":22,"minecraft:cooked_chicken":1,"iceandfire:fire_dragon_flesh":7,"minecraft:book":15,"minecraft:emerald_block":1,"iceandfire:ash":2,"minecraft:dandelion":1,"mowziesmobs:wrought_helmet":1,"minecraft:white_bed":2,"goblins_tyranny:red_loincloth_chestplate":1,"minecraft:spider_eye":6,"minecraft:pumpkin_seeds":4,"minecraft:iron_helmet":2,"minecraft:terracotta":2,"tombstone:magic_scroll":1,"minecraft:black_wool":1,"minecraft:coal":4},"minecraft:crafted":{"epicpaladins:arclight_sword":1,"minecraft:cooked_mutton":2,"minecraft:glass":24,"minecraft:diamond_helmet":1,"born_in_chaos_v1:mint_candy":24,"minecraft:emerald":9,"minecraft:cooked_porkchop":13,"minecraft:diamond_axe":1,"travelersbackpack:standard":1,"iceandfire:armor_green_chestplate":1,"travelersbackpack:red_sleeping_bag":2,"born_in_chaos_v1:smoked_flesh":38,"minecraft:iron_pickaxe":1,"iceandfire:armor_white_chestplate":1,"iceandfire:armor_green_leggings":1,"minecraft:bone_meal":120,"born_in_chaos_v1:pieceofdarkmetal":18,"travelersbackpack:cake":1,"minecraft:diamond_boots":1,"minecraft:dark_oak_planks":4,"minecraft:wheat":63,"minecraft:golden_apple":4,"minecraft:iron_leggings":2,"minecraft:oak_planks":36,"minecraft:iron_boots":1,"tombstone:grave_key":2,"iceandfire:armor_green_helmet":1,"minecraft:chest":2,"minecraft:crafting_table":8,"minecraft:spruce_planks":4,"minecraft:iron_helmet":1,"iceandfire:armor_white_boots":1,"minecraft:birch_planks":100,"epicpaladins:moonlight_pickaxe":2,"minecraft:iron_chestplate":1,"minecraft:stick":24,"minecraft:iron_ingot":115,"minecraft:shears":1,"minecraft:furnace":3,"minecraft:cooked_beef":60,"minecraft:sugar":15,"iceandfire:armor_bronze_boots":1,"travelersbackpack:backpack_tank":2,"epicpaladins:moonlight_axe":2,"minecraft:bucket":1,"minecraft:bread":34,"minecraft:air":0,"epicpaladins:bloodstone_pickaxe":1},"minecraft:broken":{"minecraft:golden_boots":1,"minecraft:diamond_helmet":1,"minecraft:iron_boots":2,"minecraft:iron_chestplate":2,"minecraft:iron_leggings":3,"epicfight:iron_greatsword":1,"minecraft:iron_pickaxe":1,"minecraft:golden_shovel":1,"minecraft:diamond_boots":1},"minecraft:mined":{"minecraft:dark_oak_planks":23,"minecraft:white_bed":2,"minecraft:black_terracotta":3,"irons_spellbooks:armor_pile":1,"goblins_tyranny:hut_logs":1,"minecraft:granite":43,"travelersbackpack:red_sleeping_bag":3,"born_in_chaos_v1:dark_metal_deposit":4,"goblins_tyranny:podzol_path":1,"minecraft:spawner":12,"minecraft:light_blue_stained_glass":1,"minecraft:magma_block":2,"minecraft:cobbled_deepslate":43,"minecraft:fire":3,"minecraft:barrel":1,"minecraft:deepslate_lapis_ore":1,"minecraft:cave_vines":2,"born_in_chaos_v1:black_argillite_n":1,"minecraft:iron_block":4,"minecraft:player_head":13,"goblins_tyranny:shaman_skull":1,"minecraft:torch":1,"minecraft:note_block":7,"goblins_tyranny:liquor_bottles":2,"irons_spellbooks:arcane_debris":1,"minecraft:melon":33,"minecraft:spruce_wall_sign":1,"goblins_tyranny:totem_block":1,"minecraft:sugar_cane":6,"minecraft:bricks":1,"minecraft:chain":1,"minecraft:tinted_glass":10,"minecraft:grass":72,"goblins_tyranny:coins_2":1,"minecraft:deepslate":555,"iceandfire:silver_ore":3,"minecraft:mossy_cobblestone":3,"goblins_tyranny:coins_5":1,"farmersdelight:wild_carrots":7,"iceandfire:pixie_house_birch":1,"minecraft:dark_oak_log":3,"minecraft:spruce_fence":2,"born_in_chaos_v1:black_argillite":5,"goblins_tyranny:coins_3":1,"minecraft:moss_block":3,"epicpaladins:deepslate_arclight_ore":13,"farmersdelight:wild_onions":9,"minecraft:waxed_oxidized_cut_copper":8,"minecraft:packed_mud":13,"minecraft:andesite":36,"minecraft:vine":6,"minecraft:bone_block":78,"minecraft:glass_pane":4,"minecraft:brown_carpet":1,"minecraft:dandelion":1,"minecraft:tall_grass":10,"minecraft:deepslate_gold_ore":9,"minecraft:diorite":21,"minecraft:white_carpet":2,"minecraft:birch_leaves":4,"minecraft:dark_prismarine_slab":1,"minecraft:gravel":13,"minecraft:cobweb":5,"minecraft:stone_bricks":6,"minecraft:waxed_exposed_cut_copper":2,"travelersbackpack:cake":2,"minecraft:fern":1,"minecraft:spruce_planks":7,"minecraft:grass_block":14,"minecraft:mud_bricks":17,"minecraft:composter":1,"minecraft:iron_ore":12,"born_in_chaos_v1:black_argillite_brick_slab":2,"goblins_tyranny:coin_barrel":3,"minecraft:anvil":1,"minecraft:iron_bars":2,"minecraft:deepslate_redstone_ore":2,"minecraft:chest":26,"minecraft:cobblestone":23,"minecraft:oak_planks":2,"minecraft:deepslate_copper_ore":2,"minecraft:dark_oak_slab":14,"minecraft:birch_log":29,"epicpaladins:deepslate_cryorium_ore":5,"born_in_chaos_v1:river_mint":16,"minecraft:oak_log":8,"minecraft:sand":37,"minecraft:dirt":43,"minecraft:oak_leaves":18,"minecraft:emerald_block":1,"minecraft:red_carpet":10,"minecraft:tuff":78,"minecraft:dark_oak_leaves":9,"minecraft:potted_wither_rose":1,"minecraft:deepslate_diamond_ore":10,"minecraft:mangrove_roots":2,"born_in_chaos_v1:infected_diamond_ore":2,"minecraft:ladder":3,"goblins_tyranny:coins_1":2,"iceandfire:frozen_stone":1,"minecraft:sandstone":1,"minecraft:hay_block":36,"minecraft:oak_trapdoor":4,"minecraft:stripped_spruce_log":4,"minecraft:gold_block":1,"minecraft:bookshelf":29,"minecraft:deepslate_iron_ore":1,"goblins_tyranny:mossy_hut_logs":1,"minecraft:stripped_oak_log":1,"minecraft:stone":248,"goblins_tyranny:hut_window":5,"born_in_chaos_v1:marigolds":1,"minecraft:red_wool":5,"epicpaladins:deepslate_bloodstone_ore":4,"minecraft:stripped_dark_oak_log":2,"minecraft:crafting_table":1,"born_in_chaos_v1:chipped_black_argillite_brick":2,"minecraft:lapis_ore":3,"minecraft:lily_pad":2,"minecraft:birch_planks":10,"minecraft:gray_bed":1,"minecraft:bee_nest":1,"minecraft:coal_ore":1,"minecraft:terracotta":2,"minecraft:polished_andesite":1,"minecraft:small_dripleaf":2},"minecraft:dropped":{"minecraft:iron_sword":2,"minecraft:porkchop":2,"born_in_chaos_v1:mint_candy":5,"irons_spellbooks:rare_ink":1,"minecraft:cooked_beef":20,"minecraft:glass_bottle":17,"minecraft:diamond":43,"minecraft:crafting_table":1,"minecraft:pitcher_pod":2,"minecraft:dark_oak_slab":3,"minecraft:glow_berries":58,"minecraft:warped_roots":1,"iceandfire:ectoplasm":1,"born_in_chaos_v1:pieceofdarkmetal":19,"minecraft:rail":1,"minecraft:leather_helmet":3,"minecraft:red_carpet":15,"minecraft:emerald":13,"minecraft:dirt":44,"irons_spellbooks:silver_ring":2,"alexsmobs:flying_fish":1,"irons_spellbooks:arcane_essence":66,"minecraft:writable_book":1,"minecraft:bone_block":76,"minecraft:sand":2,"minecraft:sugar":12,"minecraft:dark_oak_planks":6,"minecraft:white_wool":3,"alexsmobs:raccoon_tail":2,"epicpaladins:moonlight_axe":2,"artifacts:cowboy_hat":1,"minecraft:note_block":1,"epicpaladins:moonlight_sword":1,"minecraft:cobbled_deepslate":64,"minecraft:wheat":5,"tombstone:gift":1,"minecraft:rotten_flesh":6,"born_in_chaos_v1:smoked_flesh":5,"minecraft:oak_planks":4,"minecraft:light_gray_carpet":3,"bosses_of_mass_destruction:soul_star":1,"minecraft:tipped_arrow":2,"minecraft:ladder":6,"minecraft:spruce_slab":12,"minecraft:beef":8,"born_in_chaos_v1:marigolds":2,"goblins_tyranny:hut_window":4,"irons_spellbooks:cast_time_ring":1,"minecraft:egg":6,"farmersdelight:tomato_seeds":3,"minecraft:enchanted_book":2,"minecraft:iron_ingot":180,"minecraft:wheat_seeds":101,"minecraft:dark_prismarine_slab":1,"minecraft:feather":2,"minecraft:iron_helmet":2,"minecraft:cobblestone":22,"epicpaladins:bloodstone_pickaxe":3,"minecraft:cobweb":69,"minecraft:gray_wool":1,"irons_spellbooks:evocation_rune":1,"warden_curse:sekirobook":1,"mowziesmobs:wrought_helmet":2,"minecraft:red_dye":2,"minecraft:iron_shovel":1,"minecraft:paper":12,"minecraft:string":30,"iceandfire:pixie_house_birch":1,"artifacts:bunny_hoppers":2,"iceandfire:armor_white_chestplate":1,"minecraft:player_head":5,"iceandfire:ghost_ingot":1,"iceandfire:armor_green_helmet":1,"minecraft:chicken":9,"minecraft:white_carpet":2,"minecraft:iron_boots":1,"minecraft:torchflower_seeds":1,"minecraft:spruce_fence":2,"minecraft:pumpkin_seeds":4,"minecraft:cobblestone_slab":1,"minecraft:flower_pot":1,"minecraft:allium":12,"minecraft:spruce_planks":1,"minecraft:spider_eye":1,"irons_spellbooks:iron_spell_book":1,"minecraft:bow":2,"minecraft:magma_block":2,"minecraft:black_wool":1,"minecraft:terracotta":2,"minecraft:moss_block":1,"minecraft:birch_planks":20,"iceandfire:ice_dragon_flesh":3,"iceandfire:fire_dragon_flesh":3,"minecraft:leather":6,"paraglider:spirit_orb":15,"artifacts:night_vision_goggles":2,"minecraft:crimson_roots":5,"farmersdelight:onion":5,"iceandfire:ash":1,"minecraft:glistering_melon_slice":3,"minecraft:cauldron":1,"minecraft:gold_ingot":109,"minecraft:mangrove_roots":1,"iceandfire:armor_white_boots":1,"born_in_chaos_v1:ethereal_spirit":2,"minecraft:carrot":4,"minecraft:poppy":4,"born_in_chaos_v1:seedof_chaos":3,"minecraft:gunpowder":23,"born_in_chaos_v1:corpse_maggot":1,"minecraft:lingering_potion":1,"irons_spellbooks:arcane_debris":2,"born_in_chaos_v1:diamond_termite_shard":1,"minecraft:iron_bars":4,"minecraft:arrow":21,"minecraft:water_bucket":4,"minecraft:bread":10,"minecraft:stripped_spruce_log":1,"iceandfire:armor_green_leggings":1,"alexscaves:spelunkery_table":1,"born_in_chaos_v1:orbofthe_summoner":1,"minecraft:spectral_arrow":16,"born_in_chaos_v1:black_argillite_brick_slab":2,"iceandfire:lightning_dragon_flesh":6,"goblins_tyranny:deadly_liquor_item":2,"mowziesmobs:wrought_axe":1,"minecraft:stick":11,"irons_spellbooks:scroll":21,"minecraft:diorite":3,"tombstone:magic_scroll":1,"tombstone:grave_key":2,"minecraft:brown_wool":1,"tombstone:grave_dust":9,"minecraft:iron_leggings":2,"iceandfire:ice_dragon_heart":1,"minecraft:wither_rose":1,"minecraft:pink_petals":7,"minecraft:bucket":3,"minecraft:redstone_block":4,"iceandfire:dragonbone":11,"minecraft:redstone":7,"born_in_chaos_v1:smoldering_scorched_log":3,"minecraft:oak_trapdoor":4,"minecraft:blaze_rod":5,"minecraft:raw_copper":3,"minecraft:tuff":5,"farmersdelight:cabbage_seeds":1,"minecraft:light_gray_wool":1,"minecraft:waxed_exposed_cut_copper":2,"minecraft:diamond_chestplate":1,"minecraft:iron_chestplate":3,"minecraft:golden_leggings":1,"minecraft:oak_sapling":5,"minecraft:waxed_oxidized_cut_copper":2,"iceandfire:fire_dragon_heart":2},"minecraft:custom":{"minecraft:interact_with_crafting_table":65,"minecraft:open_barrel":188,"minecraft:eat_cake_slice":3,"minecraft:leave_game":4,"minecraft:time_since_death":174412,"minecraft:play_time":698763,"minecraft:deaths":36,"tombstone:tomb_raiding":1,"minecraft:jump":12234,"minecraft:interact_with_furnace":61,"minecraft:play_record":3,"minecraft:sleep_in_bed":7,"minecraft:waystone_activated":6,"minecraft:damage_dealt":73974,"tombstone:undead_killed":171,"minecraft:interact_with_smoker":11,"minecraft:interact_with_anvil":10,"minecraft:inspect_hopper":1,"minecraft:damage_dealt_absorbed":380,"minecraft:sneak_time":43894,"minecraft:interact_with_lectern":3,"minecraft:interact_with_blast_furnace":1,"minecraft:total_world_time":698763,"tombstone:raider_killed":23,"minecraft:tune_noteblock":130,"minecraft:time_since_rest":172252,"tombstone:cast_on_ally":0,"minecraft:swim_one_cm":184235,"minecraft:fly_one_cm":3612426,"minecraft:open_chest":351,"minecraft:fall_one_cm":331532,"minecraft:animals_bred":3,"minecraft:sprint_one_cm":2451774,"minecraft:drop":425,"minecraft:play_noteblock":18,"minecraft:talked_to_villager":17,"minecraft:interact_with_brewingstand":7,"minecraft:walk_on_water_one_cm":107419,"minecraft:interact_with_loom":1,"minecraft:player_kills":5,"minecraft:crouch_one_cm":190098,"tombstone:villager_killed":2,"minecraft:mob_kills":427,"minecraft:damage_dealt_resisted":12937,"minecraft:climb_one_cm":18876,"minecraft:walk_one_cm":2369395,"minecraft:walk_under_water_one_cm":68238,"minecraft:boat_one_cm":76531,"minecraft:damage_taken":29083,"minecraft:damage_absorbed":88},"minecraft:killed":{"alexsmobs:lobster":15,"minecraft:cave_spider":8,"born_in_chaos_v1:restless_spirit":4,"born_in_chaos_v1:skeleton_demoman":1,"born_in_chaos_v1:door_knight_not_despawn":1,"born_in_chaos_v1:baby_skeleton_minion":6,"minecraft:skeleton":24,"minecraft:chicken":11,"alexsmobs:centipede_head":1,"born_in_chaos_v1:supreme_bonescaller_stage_2":1,"irons_spellbooks:archevoker":1,"minecraft:skeleton_horse":2,"goblins_tyranny:glitteron":3,"enemyexpansion:vampflyer":1,"goblins_tyranny:grobot":1,"alexsmobs:seal":1,"minecraft:iron_golem":2,"goblins_tyranny:goblin_huntsman":1,"minecraft:pillager":2,"minecraft:donkey":1,"minecraft:zombie":40,"born_in_chaos_v1:corpse_fly":38,"enemyexpansion:botfly":16,"born_in_chaos_v1:door_knight":1,"minecraft:cow":23,"minecraft:evoker":2,"alexsmobs:raccoon":7,"minecraft:vindicator":6,"born_in_chaos_v1:skeleton_thrasher_not_despawn":1,"minecraft:horse":4,"mowziesmobs:ferrous_wroughtnaut":1,"goblins_tyranny:mini_goblin_1":3,"born_in_chaos_v1:bone_imp_minion":10,"enemyexpansion:sprinter":3,"born_in_chaos_v1:decrepit_skeleton":6,"born_in_chaos_v1:bloody_gadfly":1,"iceandfire:ghost":3,"iceandfire:ice_dragon":1,"born_in_chaos_v1:controlled_baby_skeleton":49,"goblins_tyranny:mini_drunk_gob_2":4,"born_in_chaos_v1:zombie_clown":1,"born_in_chaos_v1:supreme_bonescaller_not_despawn":1,"minecraft:spider":13,"goblins_tyranny:blacksmith_goblin":1,"minecraft:pig":17,"minecraft:zombie_villager":2,"born_in_chaos_v1:diamond_termite":2,"goblins_tyranny:bard":1,"irons_spellbooks:necromancer":1,"minecraft:creeper":4,"minecraft:sheep":16,"minecraft:stray":10,"enemyexpansion:wasp":1,"goblins_tyranny:mini_drunk_gob_3":2,"enemyexpansion:intruder":1,"goblins_tyranny:shaman_goblin":1,"goblins_tyranny:mini_drunk_gob_1":3,"alexsmobs:tasmanian_devil":1,"enemyexpansion:direwolf":4,"alexsmobs:sugar_glider":1,"born_in_chaos_v1:maggot":13,"alexsmobs:blue_jay":1,"iceandfire:fire_dragon":1,"minecraft:drowned":2,"alexsmobs:bison":2,"born_in_chaos_v1:corpse_fish":2,"enemyexpansion:goblin":1,"alexsmobs:flying_fish":3,"born_in_chaos_v1:fallen_chaos_knight":1,"born_in_chaos_v1:baby_skeleton":3,"alexsmobs:skunk":1,"alexsmobs:cockroach":1,"goblins_tyranny:engineeress_goblin":1,"alexsmobs:crow":1,"minecraft:villager":2,"enemyexpansion:slugger":1}},"DataVersion":3465}